,Unnamed: 0.8,Unnamed: 0.7,Unnamed: 0.6,Unnamed: 0.5,Unnamed: 0.4,Unnamed: 0.3,Unnamed: 0.2,Unnamed: 0.1,Unnamed: 0,Date,Open,High,Low,Close,Volume,Dividends,Stock Splits
0,0.0,0.0,0.0,0.0,0.0,0.0,0.0,0.0,0.0,2022-05-17 00:00:00+05:30,858.4160457503214,904.6346739919372,846.6029809005463,861.6154174804688,48792877,0.0,0.0
1,1.0,1.0,1.0,1.0,1.0,1.0,1.0,1.0,1.0,2022-05-18 00:00:00+05:30,871.7549987686644,877.1201113544267,860.4833534465087,862.6983032226562,8919761,0.0,0.0
2,2.0,2.0,2.0,2.0,2.0,2.0,2.0,2.0,2.0,2022-05-19 00:00:00+05:30,853.4939431579287,853.4939431579287,824.9457028446877,827.7512817382812,7372427,0.0,0.0
3,3.0,3.0,3.0,3.0,3.0,3.0,3.0,3.0,3.0,2022-05-20 00:00:00+05:30,835.3313532593381,843.4528355096813,812.1482250343205,813.2803344726562,7078291,0.0,0.0
4,4.0,4.0,4.0,4.0,4.0,4.0,4.0,4.0,4.0,2022-05-23 00:00:00+05:30,813.2802951408773,839.4166883747414,791.1307991656785,804.1251220703125,12444648,0.0,0.0
5,5.0,5.0,5.0,5.0,5.0,5.0,5.0,5.0,5.0,2022-05-24 00:00:00+05:30,805.2573031966525,821.6971648020133,804.1251937122047,810.27783203125,4287864,0.0,0.0
6,6.0,6.0,6.0,6.0,6.0,6.0,6.0,6.0,6.0,2022-05-25 00:00:00+05:30,818.5469626954875,828.3419744463575,801.56568174961,807.5214233398438,4013031,0.0,0.0
7,7.0,7.0,7.0,7.0,7.0,7.0,7.0,7.0,7.0,2022-05-26 00:00:00+05:30,807.5214407438817,811.9513402165422,788.5221061335649,799.0062255859375,2796468,0.0,0.0
8,8.0,8.0,8.0,8.0,8.0,8.0,8.0,8.0,8.0,2022-05-27 00:00:00+05:30,805.7986721688275,811.8036828374022,801.6640874641794,808.8011474609375,2215807,0.0,0.0
9,9.0,9.0,9.0,9.0,9.0,9.0,9.0,9.0,9.0,2022-05-30 00:00:00+05:30,816.971895784362,828.2927495319607,812.4435182347098,824.6995849609375,3133717,0.0,0.0
10,10.0,10.0,10.0,10.0,10.0,10.0,10.0,10.0,10.0,2022-05-31 00:00:00+05:30,797.3819453446079,809.195011201565,797.3819453446079,798.6616821289062,4373090,0.0,0.0
11,11.0,11.0,11.0,11.0,11.0,11.0,11.0,11.0,11.0,2022-06-01 00:00:00+05:30,798.760056792688,804.715798039549,795.9052088804643,797.775634765625,1670031,0.0,0.0
12,12.0,12.0,12.0,12.0,12.0,12.0,12.0,12.0,12.0,2022-06-02 00:00:00+05:30,797.3327198528631,801.1227210369336,791.475396135733,793.14892578125,1565763,0.0,0.0
13,13.0,13.0,13.0,13.0,13.0,13.0,13.0,13.0,13.0,2022-06-03 00:00:00+05:30,796.0529834437057,798.1202458933121,787.5377079428304,787.7838134765625,2052785,0.0,0.0
14,14.0,14.0,14.0,14.0,14.0,14.0,14.0,14.0,14.0,2022-06-06 00:00:00+05:30,787.7837681419322,789.2111921723064,763.0255288394995,765.240478515625,3033514,0.0,0.0
15,15.0,15.0,15.0,15.0,15.0,15.0,15.0,15.0,15.0,2022-06-07 00:00:00+05:30,760.8599227688821,760.8599227688821,740.0885788345657,741.2698974609375,3774512,0.0,0.0
16,16.0,16.0,16.0,16.0,16.0,16.0,16.0,16.0,16.0,2022-06-08 00:00:00+05:30,741.1713766589972,741.1713766589972,724.6330383483162,726.5526733398438,4103499,0.0,0.0
17,17.0,17.0,17.0,17.0,17.0,17.0,17.0,17.0,17.0,2022-06-09 00:00:00+05:30,718.529731925089,724.534682844267,708.8823470479913,710.4574584960938,3729113,0.0,0.0
18,18.0,18.0,18.0,18.0,18.0,18.0,18.0,18.0,18.0,2022-06-10 00:00:00+05:30,701.8929289263377,708.5377778327231,697.0200277114509,698.6443481445312,3464178,0.0,0.0
19,19.0,19.0,19.0,19.0,19.0,19.0,19.0,19.0,19.0,2022-06-13 00:00:00+05:30,680.1372731525355,680.1372731525355,656.6095602290264,657.840087890625,7781730,0.0,0.0
20,20.0,20.0,20.0,20.0,20.0,20.0,20.0,20.0,20.0,2022-06-14 00:00:00+05:30,653.7547195511607,673.3447441832174,652.6718792302238,663.7958374023438,5348769,0.0,0.0
21,21.0,21.0,21.0,21.0,21.0,21.0,21.0,21.0,21.0,2022-06-15 00:00:00+05:30,670.3913794466606,698.6443027559229,668.5209536200443,679.3988647460938,9204318,0.0,0.0
22,22.0,22.0,22.0,22.0,22.0,22.0,22.0,22.0,22.0,2022-06-16 00:00:00+05:30,692.4917424618668,695.0020068152204,656.6095446823683,658.9229125976562,4049782,0.0,0.0
23,23.0,23.0,23.0,23.0,23.0,23.0,23.0,23.0,23.0,2022-06-17 00:00:00+05:30,658.6767837067711,658.922889224534,640.8587682544821,644.3534545898438,4043000,0.0,0.0
24,24.0,24.0,24.0,24.0,24.0,24.0,24.0,24.0,24.0,2022-06-20 00:00:00+05:30,650.1615887448149,656.3142268772241,639.8743657705554,651.0968017578125,3522551,0.0,0.0
25,25.0,25.0,25.0,25.0,25.0,25.0,25.0,25.0,25.0,2022-06-21 00:00:00+05:30,656.6094719917729,660.9409528122654,652.6717840038162,654.8375244140625,2355354,0.0,0.0
26,26.0,26.0,26.0,26.0,26.0,26.0,26.0,26.0,26.0,2022-06-22 00:00:00+05:30,655.6251577684903,674.2307606037726,653.7547316330043,658.1846313476562,3472810,0.0,0.0
27,27.0,27.0,27.0,27.0,27.0,27.0,27.0,27.0,27.0,2022-06-23 00:00:00+05:30,659.7597107565641,664.1896102557116,648.3403782192585,654.7883911132812,1798979,0.0,0.0
28,28.0,28.0,28.0,28.0,28.0,28.0,28.0,28.0,28.0,2022-06-24 00:00:00+05:30,658.8737501359635,663.0575443824143,648.8326319276092,651.3429565429688,1743400,0.0,0.0
29,29.0,29.0,29.0,29.0,29.0,29.0,29.0,29.0,29.0,2022-06-27 00:00:00+05:30,659.5628549653909,659.5628549653909,651.392162958065,654.44384765625,1405766,0.0,0.0
30,30.0,30.0,30.0,30.0,30.0,30.0,30.0,30.0,30.0,2022-06-28 00:00:00+05:30,652.9179392484178,654.4437814431337,648.7341454424536,653.016357421875,1004747,0.0,0.0
31,31.0,31.0,31.0,31.0,31.0,31.0,31.0,31.0,31.0,2022-06-29 00:00:00+05:30,649.8170285682162,685.994542101199,647.5528696700985,667.930419921875,4653282,0.0,0.0
32,32.0,32.0,32.0,32.0,32.0,32.0,32.0,32.0,32.0,2022-06-30 00:00:00+05:30,667.9303559366582,673.0493625752983,660.5471906167984,663.4020385742188,1681412,0.0,0.0
33,33.0,33.0,33.0,33.0,33.0,33.0,33.0,33.0,33.0,2022-07-01 00:00:00+05:30,664.4849323945355,669.3578339156337,658.5783996621395,666.1092529296875,1330472,0.0,0.0
34,34.0,34.0,34.0,34.0,34.0,34.0,34.0,34.0,34.0,2022-07-04 00:00:00+05:30,667.4381574029968,683.1889103800587,667.4381574029968,681.515380859375,1832039,0.0,0.0
35,35.0,35.0,35.0,35.0,35.0,35.0,35.0,35.0,35.0,2022-07-05 00:00:00+05:30,687.1265761298127,701.7944883932588,686.1421541009735,691.7041625976562,3662593,0.0,0.0
36,36.0,36.0,36.0,36.0,36.0,36.0,36.0,36.0,36.0,2022-07-06 00:00:00+05:30,695.9864091176163,702.4835707984092,690.5720876888371,691.99951171875,1253320,0.0,0.0
37,37.0,37.0,37.0,37.0,37.0,37.0,37.0,37.0,37.0,2022-07-07 00:00:00+05:30,696.9708543024649,703.5664944603343,685.1577889753045,687.1758422851562,1843219,0.0,0.0
38,38.0,38.0,38.0,38.0,38.0,38.0,38.0,38.0,38.0,2022-07-08 00:00:00+05:30,690.3260074550641,699.7272266270637,690.3260074550641,697.0692749023438,2152750,0.0,0.0
39,39.0,39.0,39.0,39.0,39.0,39.0,39.0,39.0,39.0,2022-07-11 00:00:00+05:30,696.9216363848384,710.6543366705607,693.3776807809725,707.011962890625,1638255,0.0,0.0
40,40.0,40.0,40.0,40.0,40.0,40.0,40.0,40.0,40.0,2022-07-12 00:00:00+05:30,707.5041649932963,713.1153828985292,703.2218928699856,706.4212646484375,1355821,0.0,0.0
41,41.0,41.0,41.0,41.0,41.0,41.0,41.0,41.0,41.0,2022-07-13 00:00:00+05:30,708.6854856942214,712.623174049051,704.304795382602,707.6517944335938,887093,0.0,0.0
42,42.0,42.0,42.0,42.0,42.0,42.0,42.0,42.0,42.0,2022-07-14 00:00:00+05:30,708.8822761648055,710.0143855272901,697.9552157211073,701.2037963867188,874964,0.0,0.0
43,43.0,43.0,43.0,43.0,43.0,43.0,43.0,43.0,43.0,2022-07-15 00:00:00+05:30,708.2424460093089,710.0143936577193,694.06674465332,697.4630126953125,999239,0.0,0.0
44,44.0,44.0,44.0,44.0,44.0,44.0,44.0,44.0,44.0,2022-07-18 00:00:00+05:30,698.9396611615556,702.5328257069024,682.2044861759972,685.6499633789062,1620545,0.0,0.0
45,45.0,45.0,45.0,45.0,45.0,45.0,45.0,45.0,45.0,2022-07-19 00:00:00+05:30,686.1422047864465,688.111048989564,677.2824058724178,678.119140625,1592940,0.0,0.0
46,46.0,46.0,46.0,46.0,46.0,46.0,46.0,46.0,46.0,2022-07-20 00:00:00+05:30,683.4842220886723,685.8960681449475,676.0518475759494,676.987060546875,1377738,0.0,0.0
47,47.0,47.0,47.0,47.0,47.0,47.0,47.0,47.0,47.0,2022-07-21 00:00:00+05:30,677.2823573996174,682.2044675551379,676.347144453198,676.83935546875,799923,0.0,0.0
48,48.0,48.0,48.0,48.0,48.0,48.0,48.0,48.0,48.0,2022-07-22 00:00:00+05:30,678.3160350349265,683.4842510526638,676.9870892355366,677.9223022460938,948078,0.0,0.0
49,49.0,49.0,49.0,49.0,49.0,49.0,49.0,49.0,49.0,2022-07-25 00:00:00+05:30,677.2823684656488,679.2512125600257,671.3758361825181,673.2954711914062,671602,0.0,0.0
50,50.0,50.0,50.0,50.0,50.0,50.0,50.0,50.0,50.0,2022-07-26 00:00:00+05:30,673.3447433125222,674.132269007127,664.4849440584101,664.8294677734375,662692,0.0,0.0
51,51.0,51.0,51.0,51.0,51.0,51.0,51.0,51.0,51.0,2022-07-27 00:00:00+05:30,664.4849301492051,669.0132478616639,662.4176677335952,663.8450317382812,690747,0.0,0.0
52,52.0,52.0,52.0,52.0,52.0,52.0,52.0,52.0,52.0,2022-07-28 00:00:00+05:30,666.4536756836634,668.6686251227893,663.5004097648289,664.3864135742188,741896,0.0,0.0
53,53.0,53.0,53.0,53.0,53.0,53.0,53.0,53.0,53.0,2022-07-29 00:00:00+05:30,665.6170115957352,673.1478044364172,664.4849021731055,667.2412719726562,1519288,0.0,0.0
54,54.0,54.0,54.0,54.0,54.0,54.0,54.0,54.0,54.0,2022-08-01 00:00:00+05:30,669.406932070528,674.9196710067813,667.8318809699837,672.2617797851562,949173,0.0,0.0
55,55.0,55.0,55.0,55.0,55.0,55.0,55.0,55.0,55.0,2022-08-02 00:00:00+05:30,671.7696656189223,678.2176183622838,669.6039249802933,674.8213500976562,1061968,0.0,0.0
56,56.0,56.0,56.0,56.0,56.0,56.0,56.0,56.0,56.0,2022-08-03 00:00:00+05:30,674.3291608129275,677.2824272106484,666.4537837523386,667.7335205078125,951585,0.0,0.0
57,57.0,57.0,57.0,57.0,57.0,57.0,57.0,57.0,57.0,2022-08-04 00:00:00+05:30,671.3758918475532,672.8033159511976,660.2519338088863,663.2052001953125,1036357,0.0,0.0
58,58.0,58.0,58.0,58.0,58.0,58.0,58.0,58.0,58.0,2022-08-05 00:00:00+05:30,664.4848680580333,684.1240995086189,663.598864200215,676.6424560546875,3867024,0.0,0.0
59,59.0,59.0,59.0,59.0,59.0,59.0,59.0,59.0,59.0,2022-08-08 00:00:00+05:30,669.7515671662438,677.2824204388787,667.9304102729349,669.4070434570312,1215231,0.0,0.0
60,60.0,60.0,60.0,60.0,60.0,60.0,60.0,60.0,60.0,2022-08-10 00:00:00+05:30,671.8680735243861,677.2331859085948,670.1453348743236,671.9664916992188,1133206,0.0,0.0
61,61.0,61.0,61.0,61.0,61.0,61.0,61.0,61.0,61.0,2022-08-11 00:00:00+05:30,674.7721168369359,679.0543287882656,670.6867412312292,672.0157470703125,1055646,0.0,0.0
62,62.0,62.0,62.0,62.0,62.0,62.0,62.0,62.0,62.0,2022-08-12 00:00:00+05:30,672.6064491681099,676.3964504974056,670.4407083723574,671.7697143554688,867471,0.0,0.0
63,63.0,63.0,63.0,63.0,63.0,63.0,63.0,63.0,63.0,2022-08-16 00:00:00+05:30,682.2045176774919,695.592634250407,680.5309880847883,686.7821044921875,4029367,0.0,0.0
64,64.0,64.0,64.0,64.0,64.0,64.0,64.0,64.0,64.0,2022-08-17 00:00:00+05:30,691.0643513155374,693.0331956212797,686.1422405511817,687.0774536132812,1443441,0.0,0.0
65,65.0,65.0,65.0,65.0,65.0,65.0,65.0,65.0,65.0,2022-08-18 00:00:00+05:30,688.0126121610563,692.5409296717207,684.1733420353175,685.4038696289062,1010173,0.0,0.0
66,66.0,66.0,66.0,66.0,66.0,66.0,66.0,66.0,66.0,2022-08-19 00:00:00+05:30,687.0281992298633,688.0618304053634,672.4587042603831,675.2643432617188,1403378,0.0,0.0
67,67.0,67.0,67.0,67.0,67.0,67.0,67.0,67.0,67.0,2022-08-22 00:00:00+05:30,674.2307003327501,674.2307003327501,664.4848977979713,664.7802124023438,1331779,0.0,0.0
68,68.0,68.0,68.0,68.0,68.0,68.0,68.0,68.0,68.0,2022-08-23 00:00:00+05:30,663.9927503128155,668.2257536055728,659.8089561114374,660.6456909179688,1053329,0.0,0.0
69,69.0,69.0,69.0,69.0,69.0,69.0,69.0,69.0,69.0,2022-08-24 00:00:00+05:30,662.6145004110064,672.3603033661623,661.5316601201479,665.7154541015625,1473399,0.0,0.0
70,70.0,70.0,70.0,70.0,70.0,70.0,70.0,70.0,70.0,2022-08-25 00:00:00+05:30,669.4152467149426,673.6576599637287,667.9846493983479,668.77392578125,865146,1.5,0.0
71,71.0,71.0,71.0,71.0,71.0,71.0,71.0,71.0,71.0,2022-08-26 00:00:00+05:30,671.7831589180043,673.2630747679768,668.9712826722987,669.7605590820312,691903,0.0,0.0
72,72.0,72.0,72.0,72.0,72.0,72.0,72.0,72.0,72.0,2022-08-29 00:00:00+05:30,661.0290473233514,665.9127814329825,658.2665499154363,661.1770629882812,1400803,0.0,0.0
73,73.0,73.0,73.0,73.0,73.0,73.0,73.0,73.0,73.0,2022-08-30 00:00:00+05:30,664.482177734375,667.8859960336152,663.1995961164092,664.482177734375,689256,0.0,0.0
74,74.0,74.0,74.0,74.0,74.0,74.0,74.0,74.0,74.0,2022-09-01 00:00:00+05:30,663.9888731095828,667.7872994852233,659.1051390423831,659.7464599609375,1019021,0.0,0.0
75,75.0,75.0,75.0,75.0,75.0,75.0,75.0,75.0,75.0,2022-09-02 00:00:00+05:30,662.0156237688972,663.8902077445331,655.1093504956001,655.7506713867188,914138,0.0,0.0
76,76.0,76.0,76.0,76.0,76.0,76.0,76.0,76.0,76.0,2022-09-05 00:00:00+05:30,657.0825731304884,660.1904201986807,650.3243154970218,650.965576171875,1467031,0.0,0.0
77,77.0,77.0,77.0,77.0,77.0,77.0,77.0,77.0,77.0,2022-09-06 00:00:00+05:30,653.1361548692321,654.9613602178744,642.2834393049396,644.059326171875,1984406,0.0,0.0
78,78.0,78.0,78.0,78.0,78.0,78.0,78.0,78.0,78.0,2022-09-07 00:00:00+05:30,644.0593132850461,646.6245366796713,642.283426453644,644.4046630859375,1236249,0.0,0.0
79,79.0,79.0,79.0,79.0,79.0,79.0,79.0,79.0,79.0,2022-09-08 00:00:00+05:30,647.216512621774,650.1763442343735,643.5660415893154,645.0952758789062,1138616,0.0,0.0
80,80.0,80.0,80.0,80.0,80.0,80.0,80.0,80.0,80.0,2022-09-09 00:00:00+05:30,648.9924209048605,650.176365632451,643.9114126000995,644.5526733398438,1220396,0.0,0.0
81,81.0,81.0,81.0,81.0,81.0,81.0,81.0,81.0,81.0,2022-09-12 00:00:00+05:30,646.2299046992483,647.9564731469181,642.87540477089,643.4674072265625,1161662,0.0,0.0
82,82.0,82.0,82.0,82.0,82.0,82.0,82.0,82.0,82.0,2022-09-13 00:00:00+05:30,646.2298854897601,664.383543001376,644.7499697214629,661.2756958007812,4249316,0.0,0.0
83,83.0,83.0,83.0,83.0,83.0,83.0,83.0,83.0,83.0,2022-09-14 00:00:00+05:30,655.7999744813661,668.921881349204,653.3334483701965,654.5667114257812,2467127,0.0,0.0
84,84.0,84.0,84.0,84.0,84.0,84.0,84.0,84.0,84.0,2022-09-15 00:00:00+05:30,656.0960221156714,667.5406805195398,651.3109849889169,663.59423828125,2899060,0.0,0.0
85,85.0,85.0,85.0,85.0,85.0,85.0,85.0,85.0,85.0,2022-09-16 00:00:00+05:30,661.9169966333735,662.7062729755941,644.6019344954236,646.0325317382812,1723016,0.0,0.0
86,86.0,86.0,86.0,86.0,86.0,86.0,86.0,86.0,86.0,2022-09-19 00:00:00+05:30,649.4857318777877,654.665437415669,645.2433184332045,645.9832763671875,1004677,0.0,0.0
87,87.0,87.0,87.0,87.0,87.0,87.0,87.0,87.0,87.0,2022-09-20 00:00:00+05:30,648.7457122034093,656.1452908390302,646.7724912339105,647.561767578125,927521,0.0,0.0
88,88.0,88.0,88.0,88.0,88.0,88.0,88.0,88.0,88.0,2022-09-21 00:00:00+05:30,647.6111739176487,651.0643107616564,643.0727293633391,643.7140502929688,920171,0.0,0.0
89,89.0,89.0,89.0,89.0,89.0,89.0,89.0,89.0,89.0,2022-09-22 00:00:00+05:30,644.2566550160518,650.1763180024168,639.3236025274143,641.0501708984375,1270228,0.0,0.0
90,90.0,90.0,90.0,90.0,90.0,90.0,90.0,90.0,90.0,2022-09-23 00:00:00+05:30,642.8753979341959,644.2073582818477,633.4039609234463,634.1932373046875,1212921,0.0,0.0
91,91.0,91.0,91.0,91.0,91.0,91.0,91.0,91.0,91.0,2022-09-26 00:00:00+05:30,631.4307200386877,632.4173305387482,620.6766415008584,622.1072387695312,1072834,0.0,0.0
92,92.0,92.0,92.0,92.0,92.0,92.0,92.0,92.0,92.0,2022-09-27 00:00:00+05:30,623.5378419432087,629.0628367086995,619.5913999055936,620.3806762695312,1138955,0.0,0.0
93,93.0,93.0,93.0,93.0,93.0,93.0,93.0,93.0,93.0,2022-09-28 00:00:00+05:30,619.3447849341921,619.3447849341921,611.9452056637716,613.129150390625,845815,0.0,0.0
94,94.0,94.0,94.0,94.0,94.0,94.0,94.0,94.0,94.0,2022-09-29 00:00:00+05:30,615.546308360768,618.5061398286648,609.7252823867342,611.2545166015625,777577,0.0,0.0
95,95.0,95.0,95.0,95.0,95.0,95.0,95.0,95.0,95.0,2022-09-30 00:00:00+05:30,611.9451372856504,618.0128156965711,608.7386532934241,613.326416015625,873228,0.0,0.0
96,96.0,96.0,96.0,96.0,96.0,96.0,96.0,96.0,96.0,2022-10-03 00:00:00+05:30,613.6717451275631,616.6315766957024,610.9585661901019,612.2904663085938,820751,0.0,0.0
97,97.0,97.0,97.0,97.0,97.0,97.0,97.0,97.0,97.0,2022-10-04 00:00:00+05:30,615.6449389071341,623.3404885998883,615.6449389071341,620.8739624023438,776287,0.0,0.0
98,98.0,98.0,98.0,98.0,98.0,98.0,98.0,98.0,98.0,2022-10-06 00:00:00+05:30,622.1072413182007,627.2869464647384,620.084701828376,620.4793701171875,774273,0.0,0.0
99,99.0,99.0,99.0,99.0,99.0,99.0,99.0,99.0,99.0,2022-10-07 00:00:00+05:30,620.5779917879617,621.5646022677518,615.6449393890113,616.1382446289062,644846,0.0,0.0
100,100.0,100.0,100.0,100.0,100.0,100.0,100.0,100.0,100.0,2022-10-10 00:00:00+05:30,614.3624313474072,614.3624313474072,609.9226836569187,611.1066284179688,863600,0.0,0.0
101,101.0,101.0,101.0,101.0,101.0,101.0,101.0,101.0,101.0,2022-10-11 00:00:00+05:30,612.389144830075,617.568849916476,609.7252844563408,611.2052001953125,775141,0.0,0.0
102,102.0,102.0,102.0,102.0,102.0,102.0,102.0,102.0,102.0,2022-10-12 00:00:00+05:30,613.1784468528703,614.3623915372016,605.6308521809452,607.4067993164062,700431,0.0,0.0
103,103.0,103.0,103.0,103.0,103.0,103.0,103.0,103.0,103.0,2022-10-13 00:00:00+05:30,607.7520599366056,610.1692676731204,602.8190075020553,603.4109497070312,686400,0.0,0.0
104,104.0,104.0,104.0,104.0,104.0,104.0,104.0,104.0,104.0,2022-10-14 00:00:00+05:30,609.3306895948913,610.7612870251991,603.8056942574862,604.594970703125,617660,0.0,0.0
105,105.0,105.0,105.0,105.0,105.0,105.0,105.0,105.0,105.0,2022-10-17 00:00:00+05:30,604.594881436908,605.3348392863048,599.8591632443531,600.59912109375,772169,0.0,0.0
106,106.0,106.0,106.0,106.0,106.0,106.0,106.0,106.0,106.0,2022-10-18 00:00:00+05:30,602.8190288717337,604.2003076895436,599.3658920451362,599.711181640625,696884,0.0,0.0
107,107.0,107.0,107.0,107.0,107.0,107.0,107.0,107.0,107.0,2022-10-19 00:00:00+05:30,600.7472017251694,602.8190598403946,597.3927016912585,598.9219360351562,637868,0.0,0.0
108,108.0,108.0,108.0,108.0,108.0,108.0,108.0,108.0,108.0,2022-10-20 00:00:00+05:30,599.4152289680987,599.8098972761653,591.9663313422941,592.9529418945312,1042196,0.0,0.0
109,109.0,109.0,109.0,109.0,109.0,109.0,109.0,109.0,109.0,2022-10-21 00:00:00+05:30,593.1009204918038,593.1009204918038,580.1269684536715,581.3109130859375,1854225,0.0,0.0
110,110.0,110.0,110.0,110.0,110.0,110.0,110.0,110.0,110.0,2022-10-24 00:00:00+05:30,585.0600423949105,592.755592460398,585.0600423949105,591.7689819335938,457731,0.0,0.0
111,111.0,111.0,111.0,111.0,111.0,111.0,111.0,111.0,111.0,2022-10-25 00:00:00+05:30,591.9662954339389,592.9529059263288,586.3426035837314,587.5758666992188,536666,0.0,0.0
112,112.0,112.0,112.0,112.0,112.0,112.0,112.0,112.0,112.0,2022-10-27 00:00:00+05:30,588.5131587105743,589.795740307096,587.0332429719895,587.5758666992188,651827,0.0,0.0
113,113.0,113.0,113.0,113.0,113.0,113.0,113.0,113.0,113.0,2022-10-28 00:00:00+05:30,588.0199019709711,589.4504993465335,583.3335017455313,584.7640991210938,737228,0.0,0.0
114,114.0,114.0,114.0,114.0,114.0,114.0,114.0,114.0,114.0,2022-10-31 00:00:00+05:30,598.7739162402386,608.5413237283924,594.728777196603,595.8634033203125,2929385,0.0,0.0
115,115.0,115.0,115.0,115.0,115.0,115.0,115.0,115.0,115.0,2022-11-01 00:00:00+05:30,600.7965304327463,600.7965304327463,595.8634774859596,597.0967407226562,1013858,0.0,0.0
116,116.0,116.0,116.0,116.0,116.0,116.0,116.0,116.0,116.0,2022-11-02 00:00:00+05:30,598.8726329170054,613.6717918853004,595.0248274980759,611.1066284179688,1836761,0.0,0.0
117,117.0,117.0,117.0,117.0,117.0,117.0,117.0,117.0,117.0,2022-11-03 00:00:00+05:30,610.7119042207079,620.5780092969713,607.7520726978289,617.2728881835938,1604869,0.0,0.0
118,118.0,118.0,118.0,118.0,118.0,118.0,118.0,118.0,118.0,2022-11-04 00:00:00+05:30,619.5914285861447,622.4526232830295,617.914178598934,619.6407470703125,662123,0.0,0.0
119,119.0,119.0,119.0,119.0,119.0,119.0,119.0,119.0,119.0,2022-11-07 00:00:00+05:30,620.5780840368079,629.4575796748544,620.5780840368079,624.7711791992188,1044987,0.0,0.0
120,120.0,120.0,120.0,120.0,120.0,120.0,120.0,120.0,120.0,2022-11-09 00:00:00+05:30,626.4977000873713,629.1615606195176,621.663284298738,622.8472290039062,626576,0.0,0.0
121,121.0,121.0,121.0,121.0,121.0,121.0,121.0,121.0,121.0,2022-11-10 00:00:00+05:30,626.4976097143474,626.4976097143474,610.317174919596,612.5370483398438,788898,0.0,0.0
122,122.0,122.0,122.0,122.0,122.0,122.0,122.0,122.0,122.0,2022-11-11 00:00:00+05:30,617.6182211670151,625.1658161678099,616.6809290753321,619.2954711914062,979067,0.0,0.0
123,123.0,123.0,123.0,123.0,123.0,123.0,123.0,123.0,123.0,2022-11-14 00:00:00+05:30,655.0600320158043,675.7295333558993,649.4856587866163,655.7506713867188,8854572,0.0,0.0
124,124.0,124.0,124.0,124.0,124.0,124.0,124.0,124.0,124.0,2022-11-15 00:00:00+05:30,656.0960369100941,663.2982821137916,641.2968781827988,645.9339599609375,2112529,0.0,0.0
125,125.0,125.0,125.0,125.0,125.0,125.0,125.0,125.0,125.0,2022-11-16 00:00:00+05:30,643.2700725545717,646.2299041767553,631.4307460658372,634.0452880859375,1364241,0.0,0.0
126,126.0,126.0,126.0,126.0,126.0,126.0,126.0,126.0,126.0,2022-11-17 00:00:00+05:30,630.444149867502,640.5569081400246,629.0135525073154,635.2291870117188,1211174,0.0,0.0
127,127.0,127.0,127.0,127.0,127.0,127.0,127.0,127.0,127.0,2022-11-18 00:00:00+05:30,634.3906026495641,637.350434388209,628.174968041996,630.246826171875,750739,0.0,0.0
128,128.0,128.0,128.0,128.0,128.0,128.0,128.0,128.0,128.0,2022-11-21 00:00:00+05:30,631.3320950668589,631.7267031436223,616.9275453616325,618.6541137695312,880089,0.0,0.0
129,129.0,129.0,129.0,129.0,129.0,129.0,129.0,129.0,129.0,2022-11-22 00:00:00+05:30,616.6315610477877,625.3137213837554,615.6449505501113,617.4208374023438,996001,0.0,0.0
130,130.0,130.0,130.0,130.0,130.0,130.0,130.0,130.0,130.0,2022-11-23 00:00:00+05:30,618.6047750674732,620.5779960405752,611.7478201423587,612.8824462890625,914416,0.0,0.0
131,131.0,131.0,131.0,131.0,131.0,131.0,131.0,131.0,131.0,2022-11-24 00:00:00+05:30,614.6583993565716,622.5512840995132,614.6583993565716,615.8916625976562,1199253,0.0,0.0
132,132.0,132.0,132.0,132.0,132.0,132.0,132.0,132.0,132.0,2022-11-25 00:00:00+05:30,618.9500582847686,622.3045579917115,618.3087976058608,619.3447265625,803958,0.0,0.0
133,133.0,133.0,133.0,133.0,133.0,133.0,133.0,133.0,133.0,2022-11-28 00:00:00+05:30,619.5914226318325,624.7711279961909,619.3447699954345,621.3673095703125,823562,0.0,0.0
134,134.0,134.0,134.0,134.0,134.0,134.0,134.0,134.0,134.0,2022-11-29 00:00:00+05:30,620.5779493624807,634.7851633873591,620.5779493624807,628.2734985351562,1571328,0.0,0.0
135,135.0,135.0,135.0,135.0,135.0,135.0,135.0,135.0,135.0,2022-11-30 00:00:00+05:30,627.4843023196141,631.2334103213344,624.524470704899,627.7802734375,647345,0.0,0.0
136,136.0,136.0,136.0,136.0,136.0,136.0,136.0,136.0,136.0,2022-12-01 00:00:00+05:30,629.4575744260361,649.2884237651376,629.4575744260361,642.1848754882812,3163335,0.0,0.0
137,137.0,137.0,137.0,137.0,137.0,137.0,137.0,137.0,137.0,2022-12-02 00:00:00+05:30,639.3236669265835,645.243330509237,639.3236669265835,642.5301513671875,905130,0.0,0.0
138,138.0,138.0,138.0,138.0,138.0,138.0,138.0,138.0,138.0,2022-12-05 00:00:00+05:30,642.382102832263,646.2299080513433,640.3102447714837,643.3687133789062,800923,0.0,0.0
139,139.0,139.0,139.0,139.0,139.0,139.0,139.0,139.0,139.0,2022-12-06 00:00:00+05:30,642.2834206809433,649.9789703598028,640.3101997264703,642.9740600585938,1233657,0.0,0.0
140,140.0,140.0,140.0,140.0,140.0,140.0,140.0,140.0,140.0,2022-12-07 00:00:00+05:30,641.0501860072326,649.0910858403965,641.0501860072326,645.3912963867188,871091,0.0,0.0
141,141.0,141.0,141.0,141.0,141.0,141.0,141.0,141.0,141.0,2022-12-08 00:00:00+05:30,646.229942530102,661.3250726555393,644.1580843587814,653.4815063476562,2234602,0.0,0.0
142,142.0,142.0,142.0,142.0,142.0,142.0,142.0,142.0,142.0,2022-12-09 00:00:00+05:30,656.0959901304464,667.047342720641,655.109379618972,662.854248046875,2723169,0.0,0.0
143,143.0,143.0,143.0,143.0,143.0,143.0,143.0,143.0,143.0,2022-12-12 00:00:00+05:30,663.002270959496,694.27783655876,661.1276868800288,687.8648681640625,5932237,0.0,0.0
144,144.0,144.0,144.0,144.0,144.0,144.0,144.0,144.0,144.0,2022-12-13 00:00:00+05:30,690.627351856763,714.7993091717497,690.627351856763,708.6823120117188,7100398,0.0,0.0
145,145.0,145.0,145.0,145.0,145.0,145.0,145.0,145.0,145.0,2022-12-14 00:00:00+05:30,714.3060186327872,722.1989028165749,702.3680553919793,714.6019897460938,5008176,0.0,0.0
146,146.0,146.0,146.0,146.0,146.0,146.0,146.0,146.0,146.0,2022-12-15 00:00:00+05:30,718.351144687629,721.0643238033147,696.5470747905644,699.26025390625,2263539,0.0,0.0
147,147.0,147.0,147.0,147.0,147.0,147.0,147.0,147.0,147.0,2022-12-16 00:00:00+05:30,691.9099731060475,702.0720498219671,677.8507726377995,679.3306884765625,2820832,0.0,0.0
148,148.0,148.0,148.0,148.0,148.0,148.0,148.0,148.0,148.0,2022-12-19 00:00:00+05:30,680.5639004081024,731.8183271398074,680.5145819274447,724.7640380859375,6490103,0.0,0.0
149,149.0,149.0,149.0,149.0,149.0,149.0,149.0,149.0,149.0,2022-12-20 00:00:00+05:30,728.1185778738716,744.1509991346445,720.2750120442463,730.04248046875,8871743,0.0,0.0
150,150.0,150.0,150.0,150.0,150.0,150.0,150.0,150.0,150.0,2022-12-21 00:00:00+05:30,732.0650212938009,737.6887134201017,688.6541574974029,692.2553100585938,4546599,0.0,0.0
151,151.0,151.0,151.0,151.0,151.0,151.0,151.0,151.0,151.0,2022-12-22 00:00:00+05:30,695.7577378177047,704.0946086003586,670.8951411321627,672.4736938476562,4221417,0.0,0.0
152,152.0,152.0,152.0,152.0,152.0,152.0,152.0,152.0,152.0,2022-12-23 00:00:00+05:30,669.9085507590132,677.8507534924676,646.3285349735498,649.9296875,3498066,0.0,0.0
153,153.0,153.0,153.0,153.0,153.0,153.0,153.0,153.0,153.0,2022-12-26 00:00:00+05:30,652.149541366932,681.6492194433176,652.149541366932,678.7880249023438,2728756,0.0,0.0
154,154.0,154.0,154.0,154.0,154.0,154.0,154.0,154.0,154.0,2022-12-27 00:00:00+05:30,684.214389562935,689.3447762651033,672.4243819097215,683.326416015625,1862730,0.0,0.0
155,155.0,155.0,155.0,155.0,155.0,155.0,155.0,155.0,155.0,2022-12-28 00:00:00+05:30,680.7612209234613,684.214357551334,675.8281685979291,677.8507080078125,944339,0.0,0.0
156,156.0,156.0,156.0,156.0,156.0,156.0,156.0,156.0,156.0,2022-12-29 00:00:00+05:30,677.4067888002176,677.4067888002176,672.2270833419321,674.545654296875,978328,0.0,0.0
157,157.0,157.0,157.0,157.0,157.0,157.0,157.0,157.0,157.0,2022-12-30 00:00:00+05:30,676.814811519401,682.9811272220195,674.1509510922845,675.4335327148438,878093,0.0,0.0
158,158.0,158.0,158.0,158.0,158.0,158.0,158.0,158.0,158.0,2023-01-02 00:00:00+05:30,675.8282247036591,705.0318728080616,675.532253583141,700.0001831054688,2988258,0.0,0.0
159,159.0,159.0,159.0,159.0,159.0,159.0,159.0,159.0,159.0,2023-01-03 00:00:00+05:30,708.3863281245457,727.9212036810526,706.166454533626,724.7640380859375,4845441,0.0,0.0
160,160.0,160.0,160.0,160.0,160.0,160.0,160.0,160.0,160.0,2023-01-04 00:00:00+05:30,727.0333063491352,736.0114378713877,718.2524487538475,721.2122802734375,3772736,0.0,0.0
161,161.0,161.0,161.0,161.0,161.0,161.0,161.0,161.0,161.0,2023-01-05 00:00:00+05:30,724.0240962681551,728.4145250666373,712.9247280675726,718.0551147460938,1602415,0.0,0.0
162,162.0,162.0,162.0,162.0,162.0,162.0,162.0,162.0,162.0,2023-01-06 00:00:00+05:30,718.0551049557115,719.6337178756932,695.7577318950607,697.82958984375,1625158,0.0,0.0
163,163.0,163.0,163.0,163.0,163.0,163.0,163.0,163.0,163.0,2023-01-09 00:00:00+05:30,706.4131932692527,708.386414479502,698.5696269149252,702.0720825195312,1268499,0.0,0.0
164,164.0,164.0,164.0,164.0,164.0,164.0,164.0,164.0,164.0,2023-01-10 00:00:00+05:30,702.1707110369747,708.8796504520869,699.013545365767,705.426513671875,1546064,0.0,0.0
165,165.0,165.0,165.0,165.0,165.0,165.0,165.0,165.0,165.0,2023-01-11 00:00:00+05:30,704.9824617631916,713.8126370431772,701.0360200932915,705.5250854492188,1322852,0.0,0.0
166,166.0,166.0,166.0,166.0,166.0,166.0,166.0,166.0,166.0,2023-01-12 00:00:00+05:30,706.511762411964,707.9423596956327,693.6858257767332,695.955078125,1156008,0.0,0.0
167,167.0,167.0,167.0,167.0,167.0,167.0,167.0,167.0,167.0,2023-01-13 00:00:00+05:30,696.9910285983447,706.6104813712357,695.8070839057877,703.2559814453125,1241951,0.0,0.0
168,168.0,168.0,168.0,168.0,168.0,168.0,168.0,168.0,168.0,2023-01-16 00:00:00+05:30,704.4398808454695,708.9782649542228,698.2242468815944,699.7041625976562,746717,0.0,0.0
169,169.0,169.0,169.0,169.0,169.0,169.0,169.0,169.0,169.0,2023-01-17 00:00:00+05:30,698.5202909241494,701.9734279555541,689.3448245700031,696.2510986328125,981024,0.0,0.0
170,170.0,170.0,170.0,170.0,170.0,170.0,170.0,170.0,170.0,2023-01-18 00:00:00+05:30,697.5336453503147,699.6055033780455,693.6858401926114,697.1389770507812,601657,0.0,0.0
171,171.0,171.0,171.0,171.0,171.0,171.0,171.0,171.0,171.0,2023-01-19 00:00:00+05:30,695.5604325492774,701.4800958050159,690.9233509553632,692.2059326171875,651600,0.0,0.0
172,172.0,172.0,172.0,172.0,172.0,172.0,172.0,172.0,172.0,2023-01-20 00:00:00+05:30,692.600595733891,695.8563984565759,685.792958953609,689.19677734375,528700,0.0,0.0
173,173.0,173.0,173.0,173.0,173.0,173.0,173.0,173.0,173.0,2023-01-23 00:00:00+05:30,690.6273462918161,695.4123831039534,688.8514594449366,691.5153198242188,530547,0.0,0.0
174,174.0,174.0,174.0,174.0,174.0,174.0,174.0,174.0,174.0,2023-01-24 00:00:00+05:30,692.6005817856344,704.9332132276863,690.6273607549061,692.69921875,1092923,0.0,0.0
175,175.0,175.0,175.0,175.0,175.0,175.0,175.0,175.0,175.0,2023-01-25 00:00:00+05:30,693.5872526478225,695.5111553637607,676.8148724273204,680.1693725585938,864582,0.0,0.0
176,176.0,176.0,176.0,176.0,176.0,176.0,176.0,176.0,176.0,2023-01-27 00:00:00+05:30,681.7478447519344,683.2277604786029,651.1629197341197,657.0332641601562,1736675,0.0,0.0
177,177.0,177.0,177.0,177.0,177.0,177.0,177.0,177.0,177.0,2023-01-30 00:00:00+05:30,640.3102595960468,674.841629528037,630.6414880586756,647.7098388671875,3024474,0.0,0.0
178,178.0,178.0,178.0,178.0,178.0,178.0,178.0,178.0,178.0,2023-01-31 00:00:00+05:30,651.1629762024547,654.0241709426376,642.0861469148344,644.5526733398438,1811224,0.0,0.0
179,179.0,179.0,179.0,179.0,179.0,179.0,179.0,179.0,179.0,2023-02-01 00:00:00+05:30,651.1629377037544,656.4906585539558,574.5526073852253,590.4370727539062,6326960,0.0,0.0
180,180.0,180.0,180.0,180.0,180.0,180.0,180.0,180.0,180.0,2023-02-02 00:00:00+05:30,575.3419192935411,597.8859444312116,575.3419192935411,591.0783081054688,3377223,0.0,0.0
181,181.0,181.0,181.0,181.0,181.0,181.0,181.0,181.0,181.0,2023-02-03 00:00:00+05:30,594.0381415977348,596.4060308196724,578.153737072503,591.0289916992188,2276729,0.0,0.0
182,182.0,182.0,182.0,182.0,182.0,182.0,182.0,182.0,182.0,2023-02-06 00:00:00+05:30,593.9395337886908,599.2672546905776,589.0064811824725,591.86767578125,1567204,0.0,0.0
183,183.0,183.0,183.0,183.0,183.0,183.0,183.0,183.0,183.0,2023-02-07 00:00:00+05:30,593.9395348615958,609.9226373782009,593.1995769693264,594.9754638671875,2084510,0.0,0.0
184,184.0,184.0,184.0,184.0,184.0,184.0,184.0,184.0,184.0,2023-02-08 00:00:00+05:30,596.8993960595043,604.3976123195259,596.4060907735047,602.0791015625,1374494,0.0,0.0
185,185.0,185.0,185.0,185.0,185.0,185.0,185.0,185.0,185.0,2023-02-09 00:00:00+05:30,605.1375815609308,609.7253448936625,601.4377918467702,604.9403076171875,1434333,0.0,0.0
186,186.0,186.0,186.0,186.0,186.0,186.0,186.0,186.0,186.0,2023-02-10 00:00:00+05:30,621.5646508543888,631.4307564235061,608.7880320987961,611.7478637695312,3943115,0.0,0.0
187,187.0,187.0,187.0,187.0,187.0,187.0,187.0,187.0,187.0,2023-02-13 00:00:00+05:30,612.6851171503755,615.2996590482519,597.2446388226201,598.5765991210938,1315642,0.0,0.0
188,188.0,188.0,188.0,188.0,188.0,188.0,188.0,188.0,188.0,2023-02-14 00:00:00+05:30,596.9486931905376,601.536456273393,588.2172140278584,590.0424194335938,1528074,0.0,0.0
189,189.0,189.0,189.0,189.0,189.0,189.0,189.0,189.0,189.0,2023-02-15 00:00:00+05:30,587.1319155491603,595.8634550672167,587.1319155491603,592.9529418945312,933878,0.0,0.0
190,190.0,190.0,190.0,190.0,190.0,190.0,190.0,190.0,190.0,2023-02-16 00:00:00+05:30,595.9620228126746,598.1325778190663,593.9394834590977,594.728759765625,703040,0.0,0.0
191,191.0,191.0,191.0,191.0,191.0,191.0,191.0,191.0,191.0,2023-02-17 00:00:00+05:30,594.9261611870909,597.6393401974798,592.2623006605778,594.5808715820312,642400,0.0,0.0
192,192.0,192.0,192.0,192.0,192.0,192.0,192.0,192.0,192.0,2023-02-20 00:00:00+05:30,596.8993574634829,596.8993574634829,588.4145311800983,590.4863891601562,885378,0.0,0.0
193,193.0,193.0,193.0,193.0,193.0,193.0,193.0,193.0,193.0,2023-02-21 00:00:00+05:30,591.9663571247951,593.2489388549791,587.921277771615,589.154541015625,648784,0.0,0.0
194,194.0,194.0,194.0,194.0,194.0,194.0,194.0,194.0,194.0,2023-02-22 00:00:00+05:30,589.0065101092836,590.683760121355,585.5040546304442,587.9705810546875,761922,0.0,0.0
195,195.0,195.0,195.0,195.0,195.0,195.0,195.0,195.0,195.0,2023-02-23 00:00:00+05:30,588.019848561754,590.9303615336229,582.1988226180163,582.9881591796875,916630,0.0,0.0
196,196.0,196.0,196.0,196.0,196.0,196.0,196.0,196.0,196.0,2023-02-24 00:00:00+05:30,583.0868537826868,586.8359619495477,576.1805797108107,576.7725219726562,1119544,0.0,0.0
197,197.0,197.0,197.0,197.0,197.0,197.0,197.0,197.0,197.0,2023-02-27 00:00:00+05:30,576.77249578379,577.5618323876515,558.421563884646,560.1481323242188,1912489,0.0,0.0
198,198.0,198.0,198.0,198.0,198.0,198.0,198.0,198.0,198.0,2023-02-28 00:00:00+05:30,560.3948045830393,574.9473105119123,560.0001362672876,570.6555786132812,2207400,0.0,0.0
199,199.0,199.0,199.0,199.0,199.0,199.0,199.0,199.0,199.0,2023-03-01 00:00:00+05:30,573.5167352036184,596.4554318722878,572.4808061073296,593.6436157226562,1822832,0.0,0.0
200,200.0,200.0,200.0,200.0,200.0,200.0,200.0,200.0,200.0,2023-03-02 00:00:00+05:30,593.8408502012409,599.1685104669252,589.0064349395263,593.051513671875,1383893,0.0,0.0
201,201.0,201.0,201.0,201.0,201.0,201.0,201.0,201.0,201.0,2023-03-03 00:00:00+05:30,600.8458225901577,610.7119280514082,599.5632409237809,607.20947265625,2101679,0.0,0.0
202,202.0,202.0,202.0,202.0,202.0,202.0,202.0,202.0,202.0,2023-03-06 00:00:00+05:30,611.6985006098027,616.6315530340753,601.733758799942,603.4603271484375,1404596,0.0,0.0
203,203.0,203.0,203.0,203.0,203.0,203.0,203.0,203.0,203.0,2023-03-08 00:00:00+05:30,602.2270915461256,602.2270915461256,593.9395390076845,594.8768310546875,900075,0.0,0.0
204,204.0,204.0,204.0,204.0,204.0,204.0,204.0,204.0,204.0,2023-03-09 00:00:00+05:30,596.8993553655415,598.2312554597652,584.566724056336,590.5357055664062,1465695,0.0,0.0
205,205.0,205.0,205.0,205.0,205.0,205.0,205.0,205.0,205.0,2023-03-10 00:00:00+05:30,587.033306028941,588.9572087393449,582.1495715234331,587.526611328125,649101,0.0,0.0
206,206.0,206.0,206.0,206.0,206.0,206.0,206.0,206.0,206.0,2023-03-13 00:00:00+05:30,587.5265745152155,590.4864061248641,572.2341111986987,574.3059692382812,1137818,0.0,0.0
207,207.0,207.0,207.0,207.0,207.0,207.0,207.0,207.0,207.0,2023-03-14 00:00:00+05:30,577.2164985781138,579.5843880195155,567.301074450863,570.7542114257812,879186,0.0,0.0
208,208.0,208.0,208.0,208.0,208.0,208.0,208.0,208.0,208.0,2023-03-15 00:00:00+05:30,573.2207170512954,578.8937275900992,568.2876644088574,569.71826171875,817032,0.0,0.0
209,209.0,209.0,209.0,209.0,209.0,209.0,209.0,209.0,209.0,2023-03-16 00:00:00+05:30,569.2742216911552,571.1488056071164,563.1079064648645,564.78515625,972000,0.0,0.0
210,210.0,210.0,210.0,210.0,210.0,210.0,210.0,210.0,210.0,2023-03-17 00:00:00+05:30,567.6463111881178,574.3059318765826,567.3010216099598,572.1354370117188,696661,0.0,0.0
211,211.0,211.0,211.0,211.0,211.0,211.0,211.0,211.0,211.0,2023-03-20 00:00:00+05:30,571.2474714841936,571.2967899649163,562.5653112496078,567.202392578125,725166,0.0,0.0
212,212.0,212.0,212.0,212.0,212.0,212.0,212.0,212.0,212.0,2023-03-21 00:00:00+05:30,570.063617004223,571.0009091578747,563.897300490639,564.8839111328125,779267,0.0,0.0
213,213.0,213.0,213.0,213.0,213.0,213.0,213.0,213.0,213.0,2023-03-22 00:00:00+05:30,565.3278293884357,570.014229370277,564.3412188659428,565.0811767578125,931326,0.0,0.0
214,214.0,214.0,214.0,214.0,214.0,214.0,214.0,214.0,214.0,2023-03-23 00:00:00+05:30,565.4264954527163,567.3010796290977,560.3948056162217,561.18408203125,748086,0.0,0.0
215,215.0,215.0,215.0,215.0,215.0,215.0,215.0,215.0,215.0,2023-03-24 00:00:00+05:30,562.3679973057339,565.3278288705009,551.5152815682547,552.5018920898438,1305399,0.0,0.0
216,216.0,216.0,216.0,216.0,216.0,216.0,216.0,216.0,216.0,2023-03-27 00:00:00+05:30,552.6005265753764,555.1164315684817,531.8817057149703,536.8147583007812,1741356,0.0,0.0
217,217.0,217.0,217.0,217.0,217.0,217.0,217.0,217.0,217.0,2023-03-28 00:00:00+05:30,538.6893161526793,541.9944371371424,527.8366009920942,529.6124877929688,1821333,0.0,0.0
218,218.0,218.0,218.0,218.0,218.0,218.0,218.0,218.0,218.0,2023-03-29 00:00:00+05:30,530.3031330654833,535.4335196057017,522.9528729449906,524.728759765625,2245923,0.0,0.0
219,219.0,219.0,219.0,219.0,219.0,219.0,219.0,219.0,219.0,2023-03-31 00:00:00+05:30,527.3926466495412,539.6266413059665,523.9888282782197,527.1953125,2030925,0.0,0.0
220,220.0,220.0,220.0,220.0,220.0,220.0,220.0,220.0,220.0,2023-04-03 00:00:00+05:30,532.7697228854773,541.2052314542443,530.401833363258,537.2587890625,1228058,0.0,0.0
221,221.0,221.0,221.0,221.0,221.0,221.0,221.0,221.0,221.0,2023-04-05 00:00:00+05:30,542.0438020805747,548.0621017024696,539.3306233592753,542.58642578125,1156963,0.0,0.0
222,222.0,222.0,222.0,222.0,222.0,222.0,222.0,222.0,222.0,2023-04-06 00:00:00+05:30,543.6223925360505,548.9501133921771,540.8105766618278,543.1784057617188,1088256,0.0,0.0
223,223.0,223.0,223.0,223.0,223.0,223.0,223.0,223.0,223.0,2023-04-10 00:00:00+05:30,547.0262591058597,548.5554934919721,541.1559139934294,541.9451904296875,818437,0.0,0.0
224,224.0,224.0,224.0,224.0,224.0,224.0,224.0,224.0,224.0,2023-04-11 00:00:00+05:30,542.7344210616818,547.8154893090355,541.9451446920349,543.1290893554688,659636,0.0,0.0
225,225.0,225.0,225.0,225.0,225.0,225.0,225.0,225.0,225.0,2023-04-12 00:00:00+05:30,545.2996905561997,546.4836353195531,541.6492192933322,541.9451904296875,682171,0.0,0.0
226,226.0,226.0,226.0,226.0,226.0,226.0,226.0,226.0,226.0,2023-04-13 00:00:00+05:30,542.5371301157418,546.0395852960182,540.8598802466456,543.5730590820312,562523,0.0,0.0
227,227.0,227.0,227.0,227.0,227.0,227.0,227.0,227.0,227.0,2023-04-17 00:00:00+05:30,543.5730571253234,543.9676651873858,536.7161022315378,537.3080444335938,947673,0.0,0.0
228,228.0,228.0,228.0,228.0,228.0,228.0,228.0,228.0,228.0,2023-04-18 00:00:00+05:30,538.7879964630184,544.904993907467,538.7879964630184,541.1065673828125,612736,0.0,0.0
229,229.0,229.0,229.0,229.0,229.0,229.0,229.0,229.0,229.0,2023-04-19 00:00:00+05:30,541.6492046555138,542.6358152286568,537.7027623629417,539.1826782226562,482728,0.0,0.0
230,230.0,230.0,230.0,230.0,230.0,230.0,230.0,230.0,230.0,2023-04-20 00:00:00+05:30,540.4158576108149,548.7527277042601,539.1332761082666,544.5103149414062,731513,0.0,0.0
231,231.0,231.0,231.0,231.0,231.0,231.0,231.0,231.0,231.0,2023-04-21 00:00:00+05:30,543.2277610762059,543.2277610762059,537.80140288805,540.66259765625,655602,0.0,0.0
232,232.0,232.0,232.0,232.0,232.0,232.0,232.0,232.0,232.0,2023-04-24 00:00:00+05:30,541.5505789804835,546.384934758956,540.1693000621017,542.0438842773438,446849,0.0,0.0
233,233.0,233.0,233.0,233.0,233.0,233.0,233.0,233.0,233.0,2023-04-25 00:00:00+05:30,543.6224176801809,548.555470472197,539.8733096018345,540.9585571289062,987652,0.0,0.0
234,234.0,234.0,234.0,234.0,234.0,234.0,234.0,234.0,234.0,2023-04-26 00:00:00+05:30,540.95851727825,542.9810567303969,539.7252541710965,540.4158935546875,498401,0.0,0.0
235,235.0,235.0,235.0,235.0,235.0,235.0,235.0,235.0,235.0,2023-04-27 00:00:00+05:30,540.6625637292804,545.6449348003534,535.7295111405095,538.3933715820312,1151408,0.0,0.0
236,236.0,236.0,236.0,236.0,236.0,236.0,236.0,236.0,236.0,2023-04-28 00:00:00+05:30,541.1558306608024,545.398243543091,539.2319282438567,542.537109375,1231240,0.0,0.0
237,237.0,237.0,237.0,237.0,237.0,237.0,237.0,237.0,237.0,2023-05-02 00:00:00+05:30,544.6090222401883,547.1741855766119,541.8465247506717,542.6851196289062,1224198,0.0,0.0
238,238.0,238.0,238.0,238.0,238.0,238.0,238.0,238.0,238.0,2023-05-03 00:00:00+05:30,543.5731043060305,545.4970069565894,542.6358122231499,543.9677124023438,856689,0.0,0.0
239,239.0,239.0,239.0,239.0,239.0,239.0,239.0,239.0,239.0,2023-05-04 00:00:00+05:30,544.6089917505042,559.0134808509379,541.7477972356592,545.052978515625,4283342,0.0,0.0
240,240.0,240.0,240.0,240.0,240.0,240.0,240.0,240.0,240.0,2023-05-05 00:00:00+05:30,545.1023111296719,557.7802321972816,544.2637162766433,552.5512084960938,2503952,0.0,0.0
241,241.0,241.0,241.0,241.0,241.0,241.0,241.0,241.0,241.0,2023-05-08 00:00:00+05:30,555.4616815396695,559.4081233268075,554.4750710928851,555.1657104492188,1104965,0.0,0.0
242,242.0,242.0,242.0,242.0,242.0,242.0,242.0,242.0,242.0,2023-05-09 00:00:00+05:30,556.8922996678428,558.8655206355963,548.50611055489,549.8873291015625,1015395,0.0,0.0
243,243.0,243.0,243.0,243.0,243.0,243.0,243.0,243.0,243.0,2023-05-10 00:00:00+05:30,551.2686519414881,552.7978862701783,547.6674993002465,550.3313598632812,589178,0.0,0.0
244,244.0,244.0,244.0,244.0,244.0,244.0,244.0,244.0,244.0,2023-05-11 00:00:00+05:30,552.452535422987,556.1523246232241,551.5152434486756,553.4884643554688,680822,0.0,0.0
245,245.0,245.0,245.0,245.0,245.0,245.0,245.0,245.0,245.0,2023-05-12 00:00:00+05:30,553.4884830205856,556.8923012431743,550.0353463172486,554.57373046875,892781,0.0,0.0
246,246.0,246.0,246.0,246.0,246.0,246.0,246.0,246.0,246.0,2023-05-15 00:00:00+05:30,556.4483469381566,565.327841836106,553.685849457936,560.0494995117188,2164688,0.0,0.0
247,247.0,247.0,247.0,247.0,247.0,247.0,247.0,247.0,247.0,2023-05-16 00:00:00+05:30,561.3813438919672,566.8570198248333,558.8161808189973,559.9014282226562,902155,0.0,0.0
248,248.0,248.0,248.0,248.0,248.0,248.0,248.0,248.0,248.0,2023-05-17 00:00:00+05:30,560.3947599712171,563.3052729688781,558.3229020232825,562.3679809570312,862004,0.0,0.0
249,249.0,249.0,249.0,249.0,249.0,249.0,249.0,249.0,249.0,2023-05-18 00:00:00+05:30,564.3412120228993,569.126248911797,559.4081594702516,560.5427856445312,964354,0.0,0.0
250,250.0,250.0,250.0,250.0,250.0,250.0,250.0,250.0,250.0,2023-05-19 00:00:00+05:30,562.3680506343335,562.4173691215043,554.5738026874915,557.4349975585938,515091,0.0,0.0
251,251.0,251.0,251.0,251.0,251.0,251.0,251.0,251.0,251.0,2023-05-22 00:00:00+05:30,561.3813886634199,571.5434650262197,559.1121964997543,569.767578125,1506327,0.0,0.0
252,252.0,252.0,252.0,252.0,252.0,252.0,252.0,252.0,252.0,2023-05-23 00:00:00+05:30,573.2206594299441,586.5399002256486,573.1220224741817,582.2481689453125,2726826,0.0,0.0
253,253.0,253.0,253.0,253.0,253.0,253.0,253.0,253.0,253.0,2023-05-24 00:00:00+05:30,586.1946506710373,596.1100741187722,584.1227324973192,585.947998046875,2488874,0.0,0.0
254,254.0,254.0,254.0,254.0,254.0,254.0,254.0,254.0,254.0,2023-05-25 00:00:00+05:30,598.8725661522631,607.2587552993706,592.9529032248931,595.51806640625,5187933,0.0,0.0
255,255.0,255.0,255.0,255.0,255.0,255.0,255.0,255.0,255.0,2023-05-26 00:00:00+05:30,600.4511535338229,602.0297665364067,595.0247955369194,596.208740234375,1195590,0.0,0.0
256,256.0,256.0,256.0,256.0,256.0,256.0,256.0,256.0,256.0,2023-05-29 00:00:00+05:30,601.8324595079853,601.9310964797484,595.2221565157047,597.0967407226562,1131333,0.0,0.0
257,257.0,257.0,257.0,257.0,257.0,257.0,257.0,257.0,257.0,2023-05-30 00:00:00+05:30,597.3926935669618,598.3299856417428,591.4730302120456,592.8543090820312,720683,0.0,0.0
258,258.0,258.0,258.0,258.0,258.0,258.0,258.0,258.0,258.0,2023-05-31 00:00:00+05:30,591.423749077911,591.423749077911,585.0600985259059,587.1813354492188,720695,0.0,0.0
259,259.0,259.0,259.0,259.0,259.0,259.0,259.0,259.0,259.0,2023-06-01 00:00:00+05:30,587.0333041487551,592.4596624223991,585.9973750673731,589.154541015625,694568,0.0,0.0
260,260.0,260.0,260.0,260.0,260.0,260.0,260.0,260.0,260.0,2023-06-02 00:00:00+05:30,591.0783943879143,593.3476469730313,588.1185625477785,588.8585205078125,507824,0.0,0.0
261,261.0,261.0,261.0,261.0,261.0,261.0,261.0,261.0,261.0,2023-06-05 00:00:00+05:30,590.4863392654543,593.9394757523867,587.970494725702,588.6117553710938,641136,0.0,0.0
262,262.0,262.0,262.0,262.0,262.0,262.0,262.0,262.0,262.0,2023-06-06 00:00:00+05:30,590.0424310842078,591.719681073312,588.0198914876098,589.7464599609375,480880,0.0,0.0
263,263.0,263.0,263.0,263.0,263.0,263.0,263.0,263.0,263.0,2023-06-07 00:00:00+05:30,590.9797071164955,596.8993702929546,589.4997913223808,593.2982177734375,809884,0.0,0.0
264,264.0,264.0,264.0,264.0,264.0,264.0,264.0,264.0,264.0,2023-06-08 00:00:00+05:30,594.284872509121,602.227136036003,594.2355540225674,595.3208618164062,1424334,0.0,0.0
265,265.0,265.0,265.0,265.0,265.0,265.0,265.0,265.0,265.0,2023-06-09 00:00:00+05:30,596.8993477111792,598.8725686953484,592.3115848358156,593.8901977539062,660925,0.0,0.0
266,266.0,266.0,266.0,266.0,266.0,266.0,266.0,266.0,266.0,2023-06-12 00:00:00+05:30,590.7823545053252,593.4462148950728,587.0825651356552,589.0557861328125,803879,0.0,0.0
267,267.0,267.0,267.0,267.0,267.0,267.0,267.0,267.0,267.0,2023-06-13 00:00:00+05:30,589.6971587698946,592.7063090109248,589.6971587698946,590.881103515625,400863,0.0,0.0
268,268.0,268.0,268.0,268.0,268.0,268.0,268.0,268.0,268.0,2023-06-14 00:00:00+05:30,591.867702756327,593.8409238887464,587.2799395362803,588.0198974609375,644399,0.0,0.0
269,269.0,269.0,269.0,269.0,269.0,269.0,269.0,269.0,269.0,2023-06-15 00:00:00+05:30,588.0198824776506,596.8500588638118,587.0825904200485,588.41455078125,847451,0.0,0.0
270,270.0,270.0,270.0,270.0,270.0,270.0,270.0,270.0,270.0,2023-06-16 00:00:00+05:30,588.4145477176063,598.5766241941304,588.4145477176063,596.3567504882812,1405526,0.0,0.0
271,271.0,271.0,271.0,271.0,271.0,271.0,271.0,271.0,271.0,2023-06-19 00:00:00+05:30,596.8993927776742,612.6358433581262,595.4687954125549,610.0213012695312,2500627,0.0,0.0
272,272.0,272.0,272.0,272.0,272.0,272.0,272.0,272.0,272.0,2023-06-20 00:00:00+05:30,611.6985774310409,624.0312100405378,610.7612853091326,621.9099731445312,3041047,0.0,0.0
273,273.0,273.0,273.0,273.0,273.0,273.0,273.0,273.0,273.0,2023-06-21 00:00:00+05:30,628.0763152197457,631.1841628520293,624.5738594585265,627.53369140625,1580109,0.0,0.0
274,274.0,274.0,274.0,274.0,274.0,274.0,274.0,274.0,274.0,2023-06-22 00:00:00+05:30,629.3588612644901,645.243266207818,628.1255981410043,633.1572875976562,3120722,0.0,0.0
275,275.0,275.0,275.0,275.0,275.0,275.0,275.0,275.0,275.0,2023-06-23 00:00:00+05:30,634.3905837781361,638.238389011085,614.4117201366008,616.582275390625,1538801,0.0,0.0
276,276.0,276.0,276.0,276.0,276.0,276.0,276.0,276.0,276.0,2023-06-26 00:00:00+05:30,616.5822555309393,617.4208503844266,605.4828871987004,607.6534423828125,946727,0.0,0.0
277,277.0,277.0,277.0,277.0,277.0,277.0,277.0,277.0,277.0,2023-06-27 00:00:00+05:30,608.0480765555552,612.1918529543519,603.5590105476629,608.5413818359375,975533,0.0,0.0
278,278.0,278.0,278.0,278.0,278.0,278.0,278.0,278.0,278.0,2023-06-28 00:00:00+05:30,609.7252654044859,614.4116650981288,606.7654340190272,611.698486328125,1156188,0.0,0.0
279,279.0,279.0,279.0,279.0,279.0,279.0,279.0,279.0,279.0,2023-06-30 00:00:00+05:30,613.7703642615007,625.0177479808441,611.8958404535607,623.7844848632812,1371193,0.0,0.0
280,280.0,280.0,280.0,280.0,280.0,280.0,280.0,280.0,280.0,2023-07-03 00:00:00+05:30,626.4976638200411,629.3094796413545,619.5913903606076,620.6273193359375,888170,0.0,0.0
281,281.0,281.0,281.0,281.0,281.0,281.0,281.0,281.0,281.0,2023-07-04 00:00:00+05:30,622.3046295588404,624.2778507385751,615.9409792106096,617.5195922851562,625593,0.0,0.0
282,282.0,282.0,282.0,282.0,282.0,282.0,282.0,282.0,282.0,2023-07-05 00:00:00+05:30,617.6181963938473,621.0713332746435,616.6315858564768,618.358154296875,569014,0.0,0.0
283,283.0,283.0,283.0,283.0,283.0,283.0,283.0,283.0,283.0,2023-07-06 00:00:00+05:30,616.7302400952145,622.8965561264733,615.6449925608849,619.4927978515625,624168,0.0,0.0
284,284.0,284.0,284.0,284.0,284.0,284.0,284.0,284.0,284.0,2023-07-07 00:00:00+05:30,618.11147690379,622.2552530383504,612.9317717900711,614.263671875,711064,0.0,0.0
285,285.0,285.0,285.0,285.0,285.0,285.0,285.0,285.0,285.0,2023-07-10 00:00:00+05:30,614.658373331894,615.349012761246,608.7387100253268,610.2679443359375,791576,0.0,0.0
286,286.0,286.0,286.0,286.0,286.0,286.0,286.0,286.0,286.0,2023-07-11 00:00:00+05:30,614.6583709698808,621.4660078334443,612.2904815691817,613.4744262695312,608461,0.0,0.0
287,287.0,287.0,287.0,287.0,287.0,287.0,287.0,287.0,287.0,2023-07-12 00:00:00+05:30,614.7569988708809,615.6449724375294,609.7253092410147,612.1425170898438,523272,0.0,0.0
288,288.0,288.0,288.0,288.0,288.0,288.0,288.0,288.0,288.0,2023-07-13 00:00:00+05:30,612.685139491153,616.0396393823014,606.0255184097274,607.4561157226562,802085,0.0,0.0
289,289.0,289.0,289.0,289.0,289.0,289.0,289.0,289.0,289.0,2023-07-14 00:00:00+05:30,608.590688955756,611.698536251301,607.554759929884,610.4159545898438,534996,0.0,0.0
290,290.0,290.0,290.0,290.0,290.0,290.0,290.0,290.0,290.0,2023-07-17 00:00:00+05:30,609.2319870112789,616.6315658008896,609.2319870112789,612.5864868164062,711158,0.0,0.0
291,291.0,291.0,291.0,291.0,291.0,291.0,291.0,291.0,291.0,2023-07-18 00:00:00+05:30,615.6449628198851,617.5688653722827,609.7252997158478,612.38916015625,701393,0.0,0.0
292,292.0,292.0,292.0,292.0,292.0,292.0,292.0,292.0,292.0,2023-07-19 00:00:00+05:30,613.5731177506327,615.0530335578287,611.2052283719478,612.0438232421875,501945,0.0,0.0
293,293.0,293.0,293.0,293.0,293.0,293.0,293.0,293.0,293.0,2023-07-20 00:00:00+05:30,616.15817529122,624.0398567313283,613.7292210660784,622.8501586914062,1166529,3.0,0.0
294,294.0,294.0,294.0,294.0,294.0,294.0,294.0,294.0,294.0,2023-07-21 00:00:00+05:30,624.3443589594905,640.4323950823114,621.1068333645669,633.309814453125,2019022,3.0,0.0
295,295.0,295.0,295.0,295.0,295.0,295.0,295.0,295.0,295.0,2023-07-24 00:00:00+05:30,633.3098600092295,637.5435476302114,622.6011207326284,624.2448120117188,927514,0.0,0.0
296,296.0,296.0,296.0,296.0,296.0,296.0,296.0,296.0,296.0,2023-07-25 00:00:00+05:30,624.3443799898728,628.3788229377269,618.6662458257983,620.6585693359375,671845,0.0,0.0
297,297.0,297.0,297.0,297.0,297.0,297.0,297.0,297.0,297.0,2023-07-26 00:00:00+05:30,622.2026165156282,628.179587128846,621.4056992607102,625.539794921875,651954,0.0,0.0
298,298.0,298.0,298.0,298.0,298.0,298.0,298.0,298.0,298.0,2023-07-27 00:00:00+05:30,625.4899768635235,632.8615372118165,625.4899768635235,627.8309326171875,705149,0.0,0.0
299,299.0,299.0,299.0,299.0,299.0,299.0,299.0,299.0,299.0,2023-07-28 00:00:00+05:30,627.5818859537046,631.0186560607713,622.1029964731564,624.3443603515625,646004,0.0,0.0
300,300.0,300.0,300.0,300.0,300.0,300.0,300.0,300.0,300.0,2023-07-31 00:00:00+05:30,624.5934067726275,638.9381600523536,624.5934067726275,637.4937133789062,1469797,0.0,0.0
301,301.0,301.0,301.0,301.0,301.0,301.0,301.0,301.0,301.0,2023-08-01 00:00:00+05:30,641.5281603810593,648.2024561973751,637.5435134221707,644.7656860351562,1987633,0.0,0.0
302,302.0,302.0,302.0,302.0,302.0,302.0,302.0,302.0,302.0,2023-08-02 00:00:00+05:30,645.512849506579,657.2177507129097,631.5665842394615,638.7887573242188,2568000,0.0,0.0
303,303.0,303.0,303.0,303.0,303.0,303.0,303.0,303.0,303.0,2023-08-03 00:00:00+05:30,638.8385240869219,646.459185866018,638.5396877193059,642.0760498046875,1008085,0.0,0.0
304,304.0,304.0,304.0,304.0,304.0,304.0,304.0,304.0,304.0,2023-08-04 00:00:00+05:30,643.6699604786022,662.4475857699198,643.6699604786022,655.9725341796875,2593055,0.0,0.0
305,305.0,305.0,305.0,305.0,305.0,305.0,305.0,305.0,305.0,2023-08-07 00:00:00+05:30,656.5701754770295,662.3479621830173,650.5434091380806,653.0338134765625,1110788,0.0,0.0
306,306.0,306.0,306.0,306.0,306.0,306.0,306.0,306.0,306.0,2023-08-08 00:00:00+05:30,653.4323433815963,656.6200732945125,638.0914273761879,641.1795654296875,1157301,0.0,0.0
307,307.0,307.0,307.0,307.0,307.0,307.0,307.0,307.0,307.0,2023-08-09 00:00:00+05:30,642.8231876439635,644.516674838493,638.5397041290171,641.4783935546875,672748,0.0,0.0
308,308.0,308.0,308.0,308.0,308.0,308.0,308.0,308.0,308.0,2023-08-10 00:00:00+05:30,643.022401956397,646.5089680398165,637.244676035479,639.2369995117188,634420,0.0,0.0
309,309.0,309.0,309.0,309.0,309.0,309.0,309.0,309.0,309.0,2023-08-11 00:00:00+05:30,663.4437410033612,676.3938440559793,652.5855533542717,657.3173217773438,5254644,0.0,0.0
310,310.0,310.0,310.0,310.0,310.0,310.0,310.0,310.0,310.0,2023-08-14 00:00:00+05:30,657.4667896800885,658.8115837931686,645.5626439794904,653.2828979492188,1215416,0.0,0.0
311,311.0,311.0,311.0,311.0,311.0,311.0,311.0,311.0,311.0,2023-08-16 00:00:00+05:30,651.9878446265373,651.9878446265373,645.8614257386455,646.7579956054688,701542,0.0,0.0
312,312.0,312.0,312.0,312.0,312.0,312.0,312.0,312.0,312.0,2023-08-17 00:00:00+05:30,647.9534030416464,659.4590587493775,647.5051181073949,657.1181030273438,1191732,0.0,0.0
313,313.0,313.0,313.0,313.0,313.0,313.0,313.0,313.0,313.0,2023-08-18 00:00:00+05:30,656.8690906278139,658.4629251277372,647.5051457383196,648.3020629882812,752476,0.0,0.0
314,314.0,314.0,314.0,314.0,314.0,314.0,314.0,314.0,314.0,2023-08-21 00:00:00+05:30,648.6008931396015,653.3326614669472,648.0032204080815,649.6469116210938,566994,0.0,0.0
315,315.0,315.0,315.0,315.0,315.0,315.0,315.0,315.0,315.0,2023-08-22 00:00:00+05:30,651.2905365384103,664.4896796559634,649.6469061401533,661.351806640625,1786271,0.0,0.0
316,316.0,316.0,316.0,316.0,316.0,316.0,316.0,316.0,316.0,2023-08-23 00:00:00+05:30,663.1448762834053,665.3364442511103,655.4744187968814,656.1219482421875,813337,0.0,0.0
317,317.0,317.0,317.0,317.0,317.0,317.0,317.0,317.0,317.0,2023-08-24 00:00:00+05:30,658.114265977859,663.5931554490105,651.4897662060212,652.9840087890625,606670,0.0,0.0
318,318.0,318.0,318.0,318.0,318.0,318.0,318.0,318.0,318.0,2023-08-25 00:00:00+05:30,651.4897884371817,655.2751909498807,642.5243326330003,645.8614501953125,698906,0.0,0.0
319,319.0,319.0,319.0,319.0,319.0,319.0,319.0,319.0,319.0,2023-08-28 00:00:00+05:30,647.2560870503653,654.9265445668917,646.6584143299656,652.6851806640625,731456,0.0,0.0
320,320.0,320.0,320.0,320.0,320.0,320.0,320.0,320.0,320.0,2023-08-29 00:00:00+05:30,652.6852098947898,657.9648551643942,648.0032373723519,649.3978881835938,489634,0.0,0.0
321,321.0,321.0,321.0,321.0,321.0,321.0,321.0,321.0,321.0,2023-08-30 00:00:00+05:30,651.4897757088042,653.3326506010812,647.7541691967125,648.5510864257812,574588,0.0,0.0
322,322.0,322.0,322.0,322.0,322.0,322.0,322.0,322.0,322.0,2023-08-31 00:00:00+05:30,648.8499477300254,652.9342474874557,640.5818171589249,642.8231811523438,710410,0.0,0.0
323,323.0,323.0,323.0,323.0,323.0,323.0,323.0,323.0,323.0,2023-09-01 00:00:00+05:30,642.8231994034106,646.9074992768026,642.5741589526266,643.271484375,793487,0.0,0.0
324,324.0,324.0,324.0,324.0,324.0,324.0,324.0,324.0,324.0,2023-09-04 00:00:00+05:30,644.5166309222685,661.4513801118799,644.5166309222685,656.0720825195312,2492988,0.0,0.0
325,325.0,325.0,325.0,325.0,325.0,325.0,325.0,325.0,325.0,2023-09-05 00:00:00+05:30,657.4667358398438,666.4819872544401,656.5701659706167,657.4667358398438,1878186,0.0,0.0
326,326.0,326.0,326.0,326.0,326.0,326.0,326.0,326.0,326.0,2023-09-06 00:00:00+05:30,659.3096079950421,688.3477463623767,658.6123434339368,675.3976440429688,5680338,0.0,0.0
327,327.0,327.0,327.0,327.0,327.0,327.0,327.0,327.0,327.0,2023-09-07 00:00:00+05:30,677.5892435577249,684.163886875158,672.0107012027042,673.5049438476562,1684464,0.0,0.0
328,328.0,328.0,328.0,328.0,328.0,328.0,328.0,328.0,328.0,2023-09-08 00:00:00+05:30,681.3746693834847,682.1715866611819,670.6161341323448,671.5625,1578942,0.0,0.0
329,329.0,329.0,329.0,329.0,329.0,329.0,329.0,329.0,329.0,2023-09-11 00:00:00+05:30,675.049013588755,682.2711860556567,673.3555265053043,676.443603515625,1592447,0.0,0.0
330,330.0,330.0,330.0,330.0,330.0,330.0,330.0,330.0,330.0,2023-09-12 00:00:00+05:30,680.7769438812678,680.7769438812678,655.9226968029683,657.1181030273438,1594449,0.0,0.0
331,331.0,331.0,331.0,331.0,331.0,331.0,331.0,331.0,331.0,2023-09-13 00:00:00+05:30,657.516530468941,664.3900706504287,652.0376410144147,656.7694091796875,890096,0.0,0.0
332,332.0,332.0,332.0,332.0,332.0,332.0,332.0,332.0,332.0,2023-09-14 00:00:00+05:30,660.4054439566683,663.4437251323068,656.8690819063057,658.263671875,847932,0.0,0.0
333,333.0,333.0,333.0,333.0,333.0,333.0,333.0,333.0,333.0,2023-09-15 00:00:00+05:30,660.0069753090987,668.7233908858193,656.0721241171441,664.93798828125,1743786,0.0,0.0
334,334.0,334.0,334.0,334.0,334.0,334.0,334.0,334.0,334.0,2023-09-18 00:00:00+05:30,664.93799050787,669.2214740168813,659.1602643235602,661.152587890625,732801,0.0,0.0
335,335.0,335.0,335.0,335.0,335.0,335.0,335.0,335.0,335.0,2023-09-20 00:00:00+05:30,657.466763233127,663.2942852232469,650.5932227516979,653.1334838867188,1074642,0.0,0.0
336,336.0,336.0,336.0,336.0,336.0,336.0,336.0,336.0,336.0,2023-09-21 00:00:00+05:30,652.9342285831714,657.0184674214619,651.4897818912776,652.0376586914062,652802,0.0,0.0
337,337.0,337.0,337.0,337.0,337.0,337.0,337.0,337.0,337.0,2023-09-22 00:00:00+05:30,653.4323476082038,657.2675462339178,646.5090109090153,648.8001708984375,695541,0.0,0.0
338,338.0,338.0,338.0,338.0,338.0,338.0,338.0,338.0,338.0,2023-09-25 00:00:00+05:30,647.5051473782115,650.4936326738032,643.0224194348239,644.1680297851562,651991,0.0,0.0
339,339.0,339.0,339.0,339.0,339.0,339.0,339.0,339.0,339.0,2023-09-26 00:00:00+05:30,645.3633810040826,647.3557045522016,641.5281824943094,642.4745483398438,414742,0.0,0.0
340,340.0,340.0,340.0,340.0,340.0,340.0,340.0,340.0,340.0,2023-09-27 00:00:00+05:30,642.5243442683688,647.3557045522016,641.5281824943094,642.4745483398438,531459,0.0,0.0
341,341.0,341.0,341.0,341.0,341.0,341.0,341.0,341.0,341.0,2023-09-28 00:00:00+05:30,643.5204718375262,649.4974421641905,640.5817826000723,647.803955078125,923774,0.0,0.0
342,342.0,342.0,342.0,342.0,342.0,342.0,342.0,342.0,342.0,2023-09-29 00:00:00+05:30,647.8039803234097,650.3441806510579,644.3672100914677,647.256103515625,873339,0.0,0.0
343,343.0,343.0,343.0,343.0,343.0,343.0,343.0,343.0,343.0,2023-10-03 00:00:00+05:30,645.612430758013,647.0568775114077,642.0262726400385,642.8729858398438,470219,0.0,0.0
344,344.0,344.0,344.0,344.0,344.0,344.0,344.0,344.0,344.0,2023-10-04 00:00:00+05:30,640.5319812435507,641.5281429562157,631.6163217550225,635.0032958984375,694550,0.0,0.0
345,345.0,345.0,345.0,345.0,345.0,345.0,345.0,345.0,345.0,2023-10-05 00:00:00+05:30,636.6469791621168,639.5358726893253,634.056982814261,635.3021850585938,396155,0.0,0.0
346,346.0,346.0,346.0,346.0,346.0,346.0,346.0,346.0,346.0,2023-10-06 00:00:00+05:30,635.601023879314,643.520522343879,635.601023879314,641.8768310546875,626615,0.0,0.0
347,347.0,347.0,347.0,347.0,347.0,347.0,347.0,347.0,347.0,2023-10-09 00:00:00+05:30,636.7466275623084,636.7964234915703,627.6815188036775,632.861572265625,718556,0.0,0.0
348,348.0,348.0,348.0,348.0,348.0,348.0,348.0,348.0,348.0,2023-10-10 00:00:00+05:30,632.9113424330317,638.4898847037887,632.2638737771991,633.060791015625,481417,0.0,0.0
349,349.0,349.0,349.0,349.0,349.0,349.0,349.0,349.0,349.0,2023-10-11 00:00:00+05:30,635.6508078588621,639.5358631234258,634.1565651880129,634.9036865234375,653919,0.0,0.0
350,350.0,350.0,350.0,350.0,350.0,350.0,350.0,350.0,350.0,2023-10-12 00:00:00+05:30,635.5512072328912,641.7274223473698,633.7581282127882,634.8538818359375,1325826,0.0,0.0
351,351.0,351.0,351.0,351.0,351.0,351.0,351.0,351.0,351.0,2023-10-13 00:00:00+05:30,633.5589054391252,636.54739084214,631.5665818371153,632.214111328125,615655,0.0,0.0
352,352.0,352.0,352.0,352.0,352.0,352.0,352.0,352.0,352.0,2023-10-16 00:00:00+05:30,632.2140634594883,638.240829739068,632.2140634594883,634.7044677734375,1139234,0.0,0.0
353,353.0,353.0,353.0,353.0,353.0,353.0,353.0,353.0,353.0,2023-10-17 00:00:00+05:30,636.8960217542285,649.3480442394592,636.796429894703,646.708251953125,1103994,0.0,0.0
354,354.0,354.0,354.0,354.0,354.0,354.0,354.0,354.0,354.0,2023-10-18 00:00:00+05:30,646.7082298932787,648.5013089098101,632.0646397899761,634.1565551757812,875559,0.0,0.0
355,355.0,355.0,355.0,355.0,355.0,355.0,355.0,355.0,355.0,2023-10-19 00:00:00+05:30,632.0646104765636,638.5396616477184,630.1718788907948,632.2638549804688,657460,0.0,0.0
356,356.0,356.0,356.0,356.0,356.0,356.0,356.0,356.0,356.0,2023-10-20 00:00:00+05:30,632.0148585591231,635.3519762285794,631.3673290765646,632.512939453125,654219,0.0,0.0
357,357.0,357.0,357.0,357.0,357.0,357.0,357.0,357.0,357.0,2023-10-23 00:00:00+05:30,632.5129085637147,634.2561916075862,612.7889182846607,615.080078125,1105408,0.0,0.0
358,358.0,358.0,358.0,358.0,358.0,358.0,358.0,358.0,358.0,2023-10-25 00:00:00+05:30,617.6203110780334,621.206469209098,606.214246398753,608.7046508789062,1094888,0.0,0.0
359,359.0,359.0,359.0,359.0,359.0,359.0,359.0,359.0,359.0,2023-10-26 00:00:00+05:30,607.5092165939818,610.1490695417419,595.0571947665993,602.6778564453125,1084441,0.0,0.0
360,360.0,360.0,360.0,360.0,360.0,360.0,360.0,360.0,360.0,2023-10-27 00:00:00+05:30,605.6663272079855,610.398095389298,603.773595615106,604.321533203125,617526,0.0,0.0
361,361.0,361.0,361.0,361.0,361.0,361.0,361.0,361.0,361.0,2023-10-30 00:00:00+05:30,604.2716720458113,606.8119330599684,600.3368819119629,601.8809204101562,465617,0.0,0.0
362,362.0,362.0,362.0,362.0,362.0,362.0,362.0,362.0,362.0,2023-10-31 00:00:00+05:30,604.1721029760631,607.210384161437,597.8962960946097,599.9384155273438,536471,0.0,0.0
363,363.0,363.0,363.0,363.0,363.0,363.0,363.0,363.0,363.0,2023-11-01 00:00:00+05:30,601.5322811453417,605.5169283621385,596.700920715332,597.6970825195312,549716,0.0,0.0
364,364.0,364.0,364.0,364.0,364.0,364.0,364.0,364.0,364.0,2023-11-02 00:00:00+05:30,601.4824871149506,606.7123366035137,599.9882444039325,603.923095703125,741948,0.0,0.0
365,365.0,365.0,365.0,365.0,365.0,365.0,365.0,365.0,365.0,2023-11-03 00:00:00+05:30,605.6663295621458,607.9574893723517,604.6701678358924,605.7161254882812,418848,0.0,0.0
366,366.0,366.0,366.0,366.0,366.0,366.0,366.0,366.0,366.0,2023-11-06 00:00:00+05:30,607.5591020366552,611.5437492097413,607.1606129989904,609.0533447265625,580132,0.0,0.0
367,367.0,367.0,367.0,367.0,367.0,367.0,367.0,367.0,367.0,2023-11-07 00:00:00+05:30,609.6509726304084,611.5437042187332,607.808097768792,608.45556640625,453744,0.0,0.0
368,368.0,368.0,368.0,368.0,368.0,368.0,368.0,368.0,368.0,2023-11-08 00:00:00+05:30,609.6509945242999,613.1873565970656,608.6548327685413,610.9957885742188,744275,0.0,0.0
369,369.0,369.0,369.0,369.0,369.0,369.0,369.0,369.0,369.0,2023-11-09 00:00:00+05:30,611.643329322896,614.8310591603267,611.0456565787669,612.4402465820312,393625,0.0,0.0
370,370.0,370.0,370.0,370.0,370.0,370.0,370.0,370.0,370.0,2023-11-10 00:00:00+05:30,611.8923618890183,617.2218029917092,605.7659427365627,607.90771484375,671906,0.0,0.0
371,371.0,371.0,371.0,371.0,371.0,371.0,371.0,371.0,371.0,2023-11-13 00:00:00+05:30,602.6778922102286,604.1721349181879,595.9538000244121,603.2257690429688,1079051,0.0,0.0
372,372.0,372.0,372.0,372.0,372.0,372.0,372.0,372.0,372.0,2023-11-15 00:00:00+05:30,604.8694362922599,608.6548388417361,603.7736218694582,604.470947265625,840602,0.0,0.0
373,373.0,373.0,373.0,373.0,373.0,373.0,373.0,373.0,373.0,2023-11-16 00:00:00+05:30,605.5169179945582,610.547583660343,601.9307598811994,606.9613647460938,1367472,0.0,0.0
374,374.0,374.0,374.0,374.0,374.0,374.0,374.0,374.0,374.0,2023-11-17 00:00:00+05:30,606.9613307760599,616.4248672242697,606.4134539839725,612.2908325195312,1177051,0.0,0.0
375,375.0,375.0,375.0,375.0,375.0,375.0,375.0,375.0,375.0,2023-11-20 00:00:00+05:30,612.2908539776173,613.4364035283306,607.6088815158221,609.6510009765625,502409,0.0,0.0
376,376.0,376.0,376.0,376.0,376.0,376.0,376.0,376.0,376.0,2023-11-21 00:00:00+05:30,610.6471521690609,613.3368010516797,607.658666921904,608.5552368164062,718571,0.0,0.0
377,377.0,377.0,377.0,377.0,377.0,377.0,377.0,377.0,377.0,2023-11-22 00:00:00+05:30,608.6548160372818,610.7965880736433,605.3674944938208,606.4134521484375,600947,0.0,0.0
378,378.0,378.0,378.0,378.0,378.0,378.0,378.0,378.0,378.0,2023-11-23 00:00:00+05:30,606.9115229372919,625.5895550342541,605.6663207974943,615.3291015625,736051,0.0,0.0
379,379.0,379.0,379.0,379.0,379.0,379.0,379.0,379.0,379.0,2023-11-24 00:00:00+05:30,618.5666297678441,679.3822903751169,618.1681407610527,675.0490112304688,18997036,0.0,0.0
380,380.0,380.0,380.0,380.0,380.0,380.0,380.0,380.0,380.0,2023-11-28 00:00:00+05:30,678.3861488843274,691.834332452519,668.5241232806319,671.7118530273438,8034353,0.0,0.0
381,381.0,381.0,381.0,381.0,381.0,381.0,381.0,381.0,381.0,2023-11-29 00:00:00+05:30,674.4015049123035,689.3439311658996,669.4704920884392,678.2865600585938,3497491,0.0,0.0
382,382.0,382.0,382.0,382.0,382.0,382.0,382.0,382.0,382.0,2023-11-30 00:00:00+05:30,679.3823111045001,696.3170607947882,674.4015023720624,676.8919067382812,4305902,0.0,0.0
383,383.0,383.0,383.0,383.0,383.0,383.0,383.0,383.0,383.0,2023-12-01 00:00:00+05:30,682.3708077109716,684.7616202627232,664.5893445603186,668.324951171875,1616633,0.0,0.0
384,384.0,384.0,384.0,384.0,384.0,384.0,384.0,384.0,384.0,2023-12-04 00:00:00+05:30,677.3899873141951,724.9069147609713,677.3899873141951,716.2402954101562,13408726,0.0,0.0
385,385.0,385.0,385.0,385.0,385.0,385.0,385.0,385.0,385.0,2023-12-05 00:00:00+05:30,717.2364395403195,724.1099797396021,699.9032012644072,711.3092651367188,5078973,0.0,0.0
386,386.0,386.0,386.0,386.0,386.0,386.0,386.0,386.0,386.0,2023-12-06 00:00:00+05:30,717.1866565593755,747.9182219045741,711.2594820487915,743.1366577148438,9601936,0.0,0.0
387,387.0,387.0,387.0,387.0,387.0,387.0,387.0,387.0,387.0,2023-12-07 00:00:00+05:30,745.0293809595412,796.9293826866549,734.0716019475997,782.4352416992188,15595341,0.0,0.0
388,388.0,388.0,388.0,388.0,388.0,388.0,388.0,388.0,388.0,2023-12-08 00:00:00+05:30,786.9677952935649,800.3163872809254,767.0445599696773,769.4851684570312,6927164,0.0,0.0
389,389.0,389.0,389.0,389.0,389.0,389.0,389.0,389.0,389.0,2023-12-11 00:00:00+05:30,772.0253486493216,780.6421720223432,765.0522164679728,767.9909057617188,2160731,0.0,0.0
390,390.0,390.0,390.0,390.0,390.0,390.0,390.0,390.0,390.0,2023-12-12 00:00:00+05:30,767.0445416724226,795.9332322029425,767.0445416724226,788.7110595703125,5822501,0.0,0.0
391,391.0,391.0,391.0,391.0,391.0,391.0,391.0,391.0,391.0,2023-12-13 00:00:00+05:30,792.4466892151662,807.6381562302904,792.4466892151662,801.9600219726562,5973611,0.0,0.0
392,392.0,392.0,392.0,392.0,392.0,392.0,392.0,392.0,392.0,2023-12-14 00:00:00+05:30,807.8871622609054,816.8526178223703,804.1017598506863,812.120849609375,4007659,0.0,0.0
393,393.0,393.0,393.0,393.0,393.0,393.0,393.0,393.0,393.0,2023-12-15 00:00:00+05:30,812.8680256133758,815.7569191424072,788.9601425071,793.09423828125,2964146,0.0,0.0
394,394.0,394.0,394.0,394.0,394.0,394.0,394.0,394.0,394.0,2023-12-18 00:00:00+05:30,794.9371052777041,807.7876166382637,790.4045813112987,798.5731201171875,2171792,0.0,0.0
395,395.0,395.0,395.0,395.0,395.0,395.0,395.0,395.0,395.0,2023-12-19 00:00:00+05:30,800.1669589418369,803.6037292823441,788.9601387885899,791.0022583007812,1396214,0.0,0.0
396,396.0,396.0,396.0,396.0,396.0,396.0,396.0,396.0,396.0,2023-12-20 00:00:00+05:30,794.9370689655173,806.3929289819376,752.2017059752116,758.328125,2897254,0.0,0.0
397,397.0,397.0,397.0,397.0,397.0,397.0,397.0,397.0,397.0,2023-12-21 00:00:00+05:30,749.9603648771641,765.8989532110425,743.4355174381606,761.565673828125,2869747,0.0,0.0
398,398.0,398.0,398.0,398.0,398.0,398.0,398.0,398.0,398.0,2023-12-22 00:00:00+05:30,803.9025279779756,817.8487924038636,785.8221679912014,789.7570190429688,10836454,0.0,0.0
399,399.0,399.0,399.0,399.0,399.0,399.0,399.0,399.0,399.0,2023-12-26 00:00:00+05:30,791.9485753216259,795.5347332291427,777.0061493721613,778.3011474609375,1907597,0.0,0.0
400,400.0,400.0,400.0,400.0,400.0,400.0,400.0,400.0,400.0,2023-12-27 00:00:00+05:30,781.9870011617039,822.77983841433,781.0406353058524,818.247314453125,10656808,0.0,0.0
401,401.0,401.0,401.0,401.0,401.0,401.0,401.0,401.0,401.0,2023-12-28 00:00:00+05:30,818.8449792698958,833.5383654550916,803.5040636104203,823.7261962890625,7403621,0.0,0.0
402,402.0,402.0,402.0,402.0,402.0,402.0,402.0,402.0,402.0,2023-12-29 00:00:00+05:30,824.3736744952273,840.6609561897255,819.4426614904547,829.3046875,4195993,0.0,0.0
403,403.0,403.0,403.0,403.0,403.0,403.0,403.0,403.0,403.0,2024-01-01 00:00:00+05:30,828.3085102730963,860.6837677401747,827.8104293889875,855.4539184570312,6424762,0.0,0.0
404,404.0,404.0,404.0,404.0,404.0,404.0,404.0,404.0,404.0,2024-01-02 00:00:00+05:30,850.5229216628354,853.6110596833688,832.7912540126953,834.4847412109375,3672560,0.0,0.0
405,405.0,405.0,405.0,405.0,405.0,405.0,405.0,405.0,405.0,2024-01-03 00:00:00+05:30,834.4847429651218,850.0248425561385,832.8908476218825,835.5307006835938,3684845,0.0,0.0
406,406.0,406.0,406.0,406.0,406.0,406.0,406.0,406.0,406.0,2024-01-04 00:00:00+05:30,833.7874115364739,842.6532757166563,829.802764408462,832.0441284179688,2024609,0.0,0.0
407,407.0,407.0,407.0,407.0,407.0,407.0,407.0,407.0,407.0,2024-01-05 00:00:00+05:30,833.3888863785062,857.6454611993653,833.3888863785062,841.1589965820312,4193233,0.0,0.0
408,408.0,408.0,408.0,408.0,408.0,408.0,408.0,408.0,408.0,2024-01-08 00:00:00+05:30,841.7567123856809,845.6417676862786,816.1553422275005,820.6878662109375,2265484,0.0,0.0
409,409.0,409.0,409.0,409.0,409.0,409.0,409.0,409.0,409.0,2024-01-09 00:00:00+05:30,825.9177043814764,834.6341199238007,825.3200316360728,829.2548828125,1408365,0.0,0.0
410,410.0,410.0,410.0,410.0,410.0,410.0,410.0,410.0,410.0,2024-01-10 00:00:00+05:30,831.7950675790062,847.6838597725792,831.7950675790062,835.3812255859375,2639631,0.0,0.0
411,411.0,411.0,411.0,411.0,411.0,411.0,411.0,411.0,411.0,2024-01-11 00:00:00+05:30,837.772021323371,846.73747696179,827.8104039473499,830.7988891601562,1576154,0.0,0.0
412,412.0,412.0,412.0,412.0,412.0,412.0,412.0,412.0,412.0,2024-01-12 00:00:00+05:30,826.8142687582646,834.7835629149708,823.8257834494998,826.116943359375,1800261,0.0,0.0
413,413.0,413.0,413.0,413.0,413.0,413.0,413.0,413.0,413.0,2024-01-15 00:00:00+05:30,826.116943359375,826.116943359375,826.116943359375,826.116943359375,0,0.0,0.0
414,414.0,414.0,414.0,414.0,414.0,414.0,414.0,414.0,414.0,2024-01-16 00:00:00+05:30,852.7144462089511,896.5455626028693,846.7374757915987,889.1241455078125,12525303,0.0,0.0
415,415.0,415.0,415.0,415.0,415.0,415.0,415.0,415.0,415.0,2024-01-17 00:00:00+05:30,878.614677184199,914.9247856973972,870.6453830600792,884.0935668945312,9015612,0.0,0.0
416,416.0,416.0,416.0,416.0,416.0,416.0,416.0,416.0,416.0,2024-01-18 00:00:00+05:30,886.5839432164456,903.5186926936136,863.7220192620914,897.740966796875,4546830,0.0,0.0
417,417.0,417.0,417.0,417.0,417.0,417.0,417.0,417.0,417.0,2024-01-19 00:00:00+05:30,905.5110174578545,911.4879878701174,894.5532383687054,898.4382934570312,3328849,0.0,0.0
418,418.0,418.0,418.0,418.0,418.0,418.0,418.0,418.0,418.0,2024-01-23 00:00:00+05:30,940.3268877438557,946.403450044678,865.8637975909027,871.8905639648438,5296256,0.0,0.0
419,419.0,419.0,419.0,419.0,419.0,419.0,419.0,419.0,419.0,2024-01-24 00:00:00+05:30,874.8292656400797,920.4534618713612,862.6760800655832,903.7179565429688,3503761,0.0,0.0
420,420.0,420.0,420.0,420.0,420.0,420.0,420.0,420.0,420.0,2024-01-25 00:00:00+05:30,911.4880259629437,920.3538900986769,895.6490293881496,900.0321655273438,2629355,0.0,0.0
421,421.0,421.0,421.0,421.0,421.0,421.0,421.0,421.0,421.0,2024-01-29 00:00:00+05:30,906.5072117612002,928.3231788700948,900.1317521053811,912.085693359375,3792964,0.0,0.0
422,422.0,422.0,422.0,422.0,422.0,422.0,422.0,422.0,422.0,2024-01-30 00:00:00+05:30,918.959229249454,951.3344866484864,914.0282163469622,929.3193359375,9707445,0.0,0.0
423,423.0,423.0,423.0,423.0,423.0,423.0,423.0,423.0,423.0,2024-01-31 00:00:00+05:30,934.549162373492,968.1696211586471,933.1545116146416,946.1046142578124,7726332,0.0,0.0
424,424.0,424.0,424.0,424.0,424.0,424.0,424.0,424.0,424.0,2024-02-01 00:00:00+05:30,953.2272076983652,960.2999318386474,922.4457851479124,933.403564453125,3463799,0.0,0.0
425,425.0,425.0,425.0,425.0,425.0,425.0,425.0,425.0,425.0,2024-02-02 00:00:00+05:30,939.2311098838431,951.4839484176576,933.403587791626,941.8211669921876,4534536,0.0,0.0
426,426.0,426.0,426.0,426.0,426.0,426.0,426.0,426.0,426.0,2024-02-05 00:00:00+05:30,952.8287470551766,1024.0543146604512,951.3345043781428,995.0161743164062,17219410,0.0,0.0
427,427.0,427.0,427.0,427.0,427.0,427.0,427.0,427.0,427.0,2024-02-06 00:00:00+05:30,1010.1578397895972,1029.035117660981,986.4492016106356,1021.9125366210938,7368232,0.0,0.0
428,428.0,428.0,428.0,428.0,428.0,428.0,428.0,428.0,428.0,2024-02-07 00:00:00+05:30,1027.0925705261764,1045.9697861206942,1010.2075567320232,1040.4410400390625,7354236,0.0,0.0
429,429.0,429.0,429.0,429.0,429.0,429.0,429.0,429.0,429.0,2024-02-08 00:00:00+05:30,1069.7781648711364,1140.605243440398,1066.8892713752543,1101.0078125,22872046,0.0,0.0
430,430.0,430.0,430.0,430.0,430.0,430.0,430.0,430.0,430.0,2024-02-09 00:00:00+05:30,1147.578349694268,1170.4900702176778,1062.9045999338402,1076.701416015625,21551992,0.0,0.0
431,431.0,431.0,431.0,431.0,431.0,431.0,431.0,431.0,431.0,2024-02-12 00:00:00+05:30,1107.7817012831297,1120.6819470551889,1006.2229398755974,1018.5255737304688,11741691,0.0,0.0
432,432.0,432.0,432.0,432.0,432.0,432.0,432.0,432.0,432.0,2024-02-13 00:00:00+05:30,1025.7975578485284,1039.295598146289,976.1887150624988,1007.5678100585938,8474155,0.0,0.0
433,433.0,433.0,433.0,433.0,433.0,433.0,433.0,433.0,433.0,2024-02-14 00:00:00+05:30,996.1617125467072,1074.3604069816236,986.20009542124,1066.39111328125,9358003,0.0,0.0
434,434.0,434.0,434.0,434.0,434.0,434.0,434.0,434.0,434.0,2024-02-15 00:00:00+05:30,1077.8470000419577,1082.728216876366,1045.0235194300035,1052.04638671875,5013229,0.0,0.0
435,435.0,435.0,435.0,435.0,435.0,435.0,435.0,435.0,435.0,2024-02-16 00:00:00+05:30,1057.923771587111,1063.4525179041948,1026.1461876494034,1035.8587646484375,5404201,0.0,0.0
436,436.0,436.0,436.0,436.0,436.0,436.0,436.0,436.0,436.0,2024-02-19 00:00:00+05:30,1075.854723095746,1087.8086644634766,1045.9698696764196,1048.161376953125,6832181,0.0,0.0
437,437.0,437.0,437.0,437.0,437.0,437.0,437.0,437.0,437.0,2024-02-20 00:00:00+05:30,1050.9506789798593,1052.3453297936485,1032.0734618701747,1038.1500244140625,3173173,0.0,0.0
438,438.0,438.0,438.0,438.0,438.0,438.0,438.0,438.0,438.0,2024-02-21 00:00:00+05:30,1044.0,1054.75,1027.699951171875,1039.550048828125,3929842,4.0,0.0
439,439.0,439.0,439.0,439.0,439.0,439.0,439.0,439.0,439.0,2024-02-22 00:00:00+05:30,1041.449951171875,1070.0,1032.050048828125,1064.4000244140625,5132257,0.0,0.0
440,440.0,440.0,440.0,440.0,440.0,440.0,440.0,440.0,440.0,2024-02-23 00:00:00+05:30,1062.050048828125,1082.0,1048.050048828125,1066.5,4331573,0.0,0.0
441,441.0,441.0,441.0,441.0,441.0,441.0,441.0,441.0,441.0,2024-02-26 00:00:00+05:30,1066.5,1075.699951171875,1036.4000244140625,1041.1500244140625,2958776,0.0,0.0
442,442.0,442.0,442.0,442.0,442.0,442.0,442.0,442.0,442.0,2024-02-27 00:00:00+05:30,1044.0,1068.0,1037.0999755859375,1040.199951171875,3772686,0.0,0.0
443,443.0,443.0,443.0,443.0,443.0,443.0,443.0,443.0,443.0,2024-02-28 00:00:00+05:30,1046.199951171875,1052.9000244140625,1003.7999877929688,1006.9500122070312,3573062,0.0,0.0
444,444.0,444.0,444.0,444.0,444.0,444.0,444.0,444.0,444.0,2024-02-29 00:00:00+05:30,1012.0,1027.0,997.0999755859376,1022.7999877929688,3013025,0.0,0.0
445,445.0,445.0,445.0,445.0,445.0,445.0,445.0,445.0,445.0,2024-03-01 00:00:00+05:30,1027.199951171875,1040.949951171875,1025.0999755859375,1029.699951171875,2087742,0.0,0.0
446,446.0,446.0,446.0,446.0,446.0,446.0,446.0,446.0,446.0,2024-03-04 00:00:00+05:30,1037.0,1049.0,1021.2000122070312,1036.9000244140625,2450117,0.0,0.0
447,447.0,447.0,447.0,447.0,447.0,447.0,447.0,447.0,447.0,2024-03-05 00:00:00+05:30,1037.4000244140625,1045.8499755859375,1023.9000244140624,1027.25,2024712,0.0,0.0
448,448.0,448.0,448.0,448.0,448.0,448.0,448.0,448.0,448.0,2024-03-06 00:00:00+05:30,1030.0,1034.949951171875,998.25,1010.2999877929688,2542290,0.0,0.0
449,449.0,449.0,449.0,449.0,449.0,449.0,449.0,449.0,449.0,2024-03-07 00:00:00+05:30,1012.0,1034.0,1007.0,1024.800048828125,1822489,0.0,0.0
450,450.0,450.0,450.0,450.0,450.0,450.0,450.0,450.0,450.0,2024-03-11 00:00:00+05:30,1035.0,1045.0,1006.0499877929688,1011.9000244140624,2777683,0.0,0.0
451,451.0,451.0,451.0,451.0,451.0,451.0,451.0,451.0,451.0,2024-03-12 00:00:00+05:30,1016.9000244140624,1018.9000244140624,980.5499877929688,986.25,2878325,0.0,0.0
452,452.0,452.0,452.0,452.0,452.0,452.0,452.0,452.0,452.0,2024-03-13 00:00:00+05:30,990.4500122070312,994.9500122070312,900.0,909.75,6431249,0.0,0.0
453,453.0,453.0,453.0,453.0,453.0,453.0,453.0,453.0,453.0,2024-03-14 00:00:00+05:30,910.0,962.3499755859376,901.0499877929688,958.5,4958488,0.0,0.0
454,454.0,454.0,454.0,454.0,454.0,454.0,454.0,454.0,454.0,2024-03-15 00:00:00+05:30,957.0,969.7000122070312,918.9500122070312,925.1500244140624,3560100,0.0,0.0
455,455.0,455.0,455.0,455.0,455.0,455.0,455.0,455.0,455.0,2024-03-18 00:00:00+05:30,916.5,934.0,902.0,904.4000244140624,3765432,0.0,0.0
456,456.0,456.0,456.0,456.0,456.0,456.0,456.0,456.0,456.0,2024-03-19 00:00:00+05:30,905.0,918.75,875.6500244140625,879.5499877929688,4240551,0.0,0.0
457,457.0,457.0,457.0,457.0,457.0,457.0,457.0,457.0,457.0,2024-03-20 00:00:00+05:30,885.9000244140625,894.7999877929688,865.0,866.9000244140625,4003650,0.0,0.0
458,458.0,458.0,458.0,458.0,458.0,458.0,458.0,458.0,458.0,2024-03-21 00:00:00+05:30,882.0,909.5499877929688,877.5,901.7999877929688,6292495,0.0,0.0
459,459.0,459.0,459.0,459.0,459.0,459.0,459.0,459.0,459.0,2024-03-22 00:00:00+05:30,905.0,909.0,888.5,906.3499755859376,4895634,0.0,0.0
460,460.0,460.0,460.0,460.0,460.0,460.0,460.0,460.0,460.0,2024-03-26 00:00:00+05:30,909.0999755859376,918.0,892.2000122070312,897.4500122070312,3883441,0.0,0.0
461,461.0,461.0,461.0,461.0,461.0,461.0,461.0,461.0,461.0,2024-03-27 00:00:00+05:30,900.9500122070312,913.0,888.9500122070312,892.5,7788410,0.0,0.0
462,462.0,462.0,462.0,462.0,462.0,462.0,462.0,462.0,462.0,2024-03-28 00:00:00+05:30,902.6500244140624,928.0,901.75,916.1500244140624,4191452,0.0,0.0
463,463.0,463.0,463.0,463.0,463.0,463.0,463.0,463.0,463.0,2024-04-01 00:00:00+05:30,925.0,984.4500122070312,924.0,970.5999755859376,4863536,0.0,0.0
464,464.0,464.0,464.0,464.0,464.0,464.0,464.0,464.0,464.0,2024-04-02 00:00:00+05:30,972.6500244140624,1001.7999877929688,961.2999877929688,998.4000244140624,5922613,0.0,0.0
465,465.0,465.0,465.0,465.0,465.0,465.0,465.0,465.0,465.0,2024-04-03 00:00:00+05:30,995.0,1016.0,990.0,997.75,4112423,0.0,0.0
466,466.0,466.0,466.0,466.0,466.0,466.0,466.0,466.0,466.0,2024-04-04 00:00:00+05:30,1003.7999877929688,1016.3499755859376,991.9500122070312,1006.5499877929688,3198816,0.0,0.0
467,467.0,467.0,467.0,467.0,467.0,467.0,467.0,467.0,467.0,2024-04-05 00:00:00+05:30,1006.0,1011.5999755859376,990.0499877929688,992.75,2430940,0.0,0.0
468,468.0,468.0,468.0,468.0,468.0,468.0,468.0,468.0,468.0,2024-04-08 00:00:00+05:30,998.0,1007.0,993.0499877929688,996.7000122070312,1512582,0.0,0.0
469,469.0,469.0,469.0,469.0,469.0,469.0,469.0,469.0,469.0,2024-04-09 00:00:00+05:30,997.2999877929688,1014.9000244140624,974.2999877929688,979.25,3349559,0.0,0.0
470,470.0,470.0,470.0,470.0,470.0,470.0,470.0,470.0,470.0,2024-04-10 00:00:00+05:30,982.7999877929688,989.7999877929688,974.0,976.9500122070312,2414938,0.0,0.0
471,471.0,471.0,471.0,471.0,471.0,471.0,471.0,471.0,471.0,2024-04-12 00:00:00+05:30,976.0,981.9500122070312,968.0,970.9500122070312,1850855,0.0,0.0
472,472.0,472.0,472.0,472.0,472.0,472.0,472.0,472.0,472.0,2024-04-15 00:00:00+05:30,956.0499877929688,974.0,932.0499877929688,961.5499877929688,2950660,0.0,0.0
473,473.0,473.0,473.0,473.0,473.0,473.0,473.0,473.0,473.0,2024-04-16 00:00:00+05:30,954.9500122070312,984.2999877929688,944.4000244140624,975.9000244140624,2226633,0.0,0.0
474,474.0,474.0,474.0,474.0,474.0,474.0,474.0,474.0,474.0,2024-04-18 00:00:00+05:30,980.0499877929688,986.0,958.0,961.0499877929688,1943056,0.0,0.0
475,475.0,475.0,475.0,475.0,475.0,475.0,475.0,475.0,475.0,2024-04-19 00:00:00+05:30,952.8499755859376,977.0,948.6500244140624,973.2999877929688,2273800,0.0,0.0
476,476.0,476.0,476.0,476.0,476.0,476.0,476.0,476.0,476.0,2024-04-22 00:00:00+05:30,978.5999755859376,983.7999877929688,972.0,974.5999755859376,1310535,0.0,0.0
477,477.0,477.0,477.0,477.0,477.0,477.0,477.0,477.0,477.0,2024-04-23 00:00:00+05:30,979.4500122070312,1008.7000122070312,977.0,986.0999755859376,4958541,0.0,0.0
478,478.0,478.0,478.0,478.0,478.0,478.0,478.0,478.0,478.0,2024-04-24 00:00:00+05:30,991.9500122070312,1010.0,988.4500122070312,990.75,2492259,0.0,0.0
479,479.0,479.0,479.0,479.0,479.0,479.0,479.0,479.0,479.0,2024-04-25 00:00:00+05:30,995.0,995.2000122070312,979.4500122070312,984.5,1754417,0.0,0.0
480,480.0,480.0,480.0,480.0,480.0,480.0,480.0,480.0,480.0,2024-04-26 00:00:00+05:30,989.0,1005.5,982.0,988.0499877929688,3359199,0.0,0.0
481,481.0,481.0,481.0,481.0,481.0,481.0,481.0,481.0,481.0,2024-04-29 00:00:00+05:30,994.0,994.0,977.5999755859376,980.2000122070312,2000595,0.0,0.0
482,482.0,482.0,482.0,482.0,482.0,482.0,482.0,482.0,482.0,2024-04-30 00:00:00+05:30,985.1500244140624,991.0,975.5499877929688,978.25,1883464,0.0,0.0
483,483.0,483.0,483.0,483.0,483.0,483.0,483.0,483.0,483.0,2024-05-02 00:00:00+05:30,982.9000244140624,1009.7999877929688,980.7000122070312,999.1500244140624,4961650,0.0,0.0
484,484.0,484.0,484.0,484.0,484.0,484.0,484.0,484.0,484.0,2024-05-03 00:00:00+05:30,1003.7999877929688,1004.0,970.5499877929688,979.1500244140624,2207262,0.0,0.0
485,485.0,485.0,485.0,485.0,485.0,485.0,485.0,485.0,485.0,2024-05-06 00:00:00+05:30,982.7999877929688,984.9000244140624,929.6500244140624,934.0,3714064,0.0,0.0
486,486.0,486.0,486.0,486.0,486.0,486.0,486.0,486.0,486.0,2024-05-07 00:00:00+05:30,938.0,946.0,912.25,921.6500244140624,2154627,0.0,0.0
487,487.0,487.0,487.0,487.0,487.0,487.0,487.0,487.0,487.0,2024-05-08 00:00:00+05:30,923.0,936.9500122070312,920.5999755859376,929.8499755859376,1315309,0.0,0.0
488,488.0,488.0,488.0,488.0,488.0,488.0,488.0,488.0,488.0,2024-05-09 00:00:00+05:30,931.9500122070312,934.2000122070312,898.7000122070312,902.1500244140624,1510223,0.0,0.0
489,489.0,489.0,489.0,489.0,489.0,489.0,489.0,489.0,489.0,2024-05-10 00:00:00+05:30,920.0,934.9000244140624,902.1500244140624,910.9500122070312,2853402,0.0,0.0
490,490.0,490.0,490.0,490.0,490.0,490.0,490.0,490.0,490.0,2024-05-13 00:00:00+05:30,910.9000244140624,912.6500244140624,888.5999755859375,891.7000122070312,2065788,0.0,0.0
491,491.0,491.0,491.0,491.0,491.0,491.0,491.0,491.0,491.0,2024-05-14 00:00:00+05:30,896.6500244140625,936.3499755859376,896.0,931.0,1922026,0.0,0.0
492,492.0,492.0,492.0,492.0,492.0,492.0,492.0,492.0,492.0,2024-05-15 00:00:00+05:30,934.0,999.3499755859376,932.5499877929688,990.0,7637335,0.0,0.0
493,493.0,493.0,493.0,493.0,493.0,493.0,493.0,493.0,493.0,2024-05-16 00:00:00+05:30,1000.0,1000.9500122070312,967.2000122070312,973.5,2292001,0.0,0.0
494,494.0,494.0,494.0,494.0,494.0,494.0,494.0,494.0,494.0,2024-05-17 00:00:00+05:30,974.7000122070312,979.0,965.2000122070312,970.4000244140624,1524382,0.0,0.0
495,495.0,495.0,495.0,495.0,495.0,495.0,495.0,495.0,495.0,2024-05-21 00:00:00+05:30,977.0499877929688,1033.800048828125,975.0,1023.7000122070312,6323927,0.0,0.0
496,496.0,496.0,496.0,496.0,496.0,496.0,496.0,496.0,496.0,2024-05-22 00:00:00+05:30,1031.0,1066.75,1031.0,1055.449951171875,7658810,0.0,0.0
497,497.0,497.0,497.0,497.0,497.0,497.0,497.0,497.0,497.0,2024-05-23 00:00:00+05:30,1056.0,1059.0,1028.5,1031.199951171875,2389235,0.0,0.0
498,498.0,498.0,498.0,498.0,498.0,498.0,498.0,498.0,498.0,2024-05-24 00:00:00+05:30,1033.0,1052.300048828125,1013.3499755859376,1029.75,3747892,0.0,0.0
499,499.0,499.0,499.0,499.0,499.0,499.0,499.0,499.0,499.0,2024-05-27 00:00:00+05:30,1035.0,1054.0,1024.050048828125,1036.050048828125,3168271,0.0,0.0
500,500.0,500.0,500.0,500.0,500.0,500.0,500.0,500.0,500.0,2024-05-28 00:00:00+05:30,1054.699951171875,1062.449951171875,1011.6500244140624,1016.0,6525071,0.0,0.0
501,501.0,501.0,501.0,501.0,501.0,501.0,501.0,501.0,501.0,2024-05-29 00:00:00+05:30,1010.0,1024.4000244140625,993.0,998.2999877929688,2716582,0.0,0.0
502,502.0,502.0,502.0,502.0,502.0,502.0,502.0,502.0,502.0,2024-05-30 00:00:00+05:30,996.5,1008.0,989.0,993.2999877929688,1863884,0.0,0.0
503,503.0,503.0,503.0,503.0,503.0,503.0,503.0,503.0,503.0,2024-05-31 00:00:00+05:30,997.9500122070312,1018.0,992.75,1012.7000122070312,3432527,0.0,0.0
504,504.0,504.0,504.0,504.0,504.0,504.0,504.0,504.0,504.0,2024-06-03 00:00:00+05:30,1058.3499755859375,1078.800048828125,1032.25,1067.6500244140625,8680378,0.0,0.0
505,505.0,505.0,505.0,505.0,505.0,505.0,505.0,505.0,505.0,2024-06-04 00:00:00+05:30,1052.0,1052.0,880.0499877929688,927.8499755859376,11529105,0.0,0.0
506,506.0,506.0,506.0,506.0,506.0,506.0,506.0,506.0,506.0,2024-06-05 00:00:00+05:30,946.0,948.0,901.0,941.4000244140624,3835996,0.0,0.0
507,507.0,507.0,507.0,507.0,507.0,507.0,507.0,507.0,507.0,2024-06-06 00:00:00+05:30,954.7999877929688,993.8499755859376,954.4000244140624,980.7999877929688,3548002,0.0,0.0
508,508.0,508.0,508.0,508.0,508.0,508.0,508.0,508.0,508.0,2024-06-07 00:00:00+05:30,983.0,997.75,976.4500122070312,994.2000122070312,2201013,0.0,0.0
509,509.0,509.0,509.0,509.0,509.0,509.0,509.0,509.0,509.0,2024-06-10 00:00:00+05:30,1001.0,1007.9500122070312,992.0,997.4000244140624,2211500,0.0,0.0
510,510.0,510.0,510.0,510.0,510.0,510.0,510.0,510.0,510.0,2024-06-11 00:00:00+05:30,999.0,1020.9500122070312,992.0999755859376,1006.7000122070312,2965921,0.0,0.0
511,511.0,511.0,511.0,511.0,511.0,511.0,511.0,511.0,511.0,2024-06-12 00:00:00+05:30,1010.0,1016.7999877929688,996.0499877929688,998.4500122070312,2320470,0.0,0.0
512,512.0,512.0,512.0,512.0,512.0,512.0,512.0,512.0,512.0,2024-06-13 00:00:00+05:30,1004.0,1013.4500122070312,995.5,1002.2999877929688,1570380,0.0,0.0
513,513.0,513.0,513.0,513.0,513.0,513.0,513.0,513.0,513.0,2024-06-14 00:00:00+05:30,1005.7999877929688,1071.699951171875,1002.4500122070312,1066.8499755859375,12499063,0.0,0.0
514,514.0,514.0,514.0,514.0,514.0,514.0,514.0,514.0,514.0,2024-06-18 00:00:00+05:30,1066.8499755859375,1085.0,1051.4000244140625,1056.5,4276266,0.0,0.0
515,515.0,515.0,515.0,515.0,515.0,515.0,515.0,515.0,515.0,2024-06-19 00:00:00+05:30,1061.0,1063.8499755859375,1023.4500122070312,1031.5,3184916,0.0,0.0
516,516.0,516.0,516.0,516.0,516.0,516.0,516.0,516.0,516.0,2024-06-20 00:00:00+05:30,1033.449951171875,1041.0,1025.0,1027.4000244140625,1930583,0.0,0.0
517,517.0,517.0,517.0,517.0,517.0,517.0,517.0,517.0,517.0,2024-06-21 00:00:00+05:30,1031.4000244140625,1045.800048828125,1015.0499877929688,1023.9500122070312,2488419,0.0,0.0
518,518.0,518.0,518.0,518.0,518.0,518.0,518.0,518.0,518.0,2024-06-24 00:00:00+05:30,1018.75,1028.300048828125,1005.0,1015.4500122070312,1521674,0.0,0.0
519,519.0,519.0,519.0,519.0,519.0,519.0,519.0,519.0,519.0,2024-06-25 00:00:00+05:30,1023.0,1023.25,1005.75,1007.6500244140624,1268764,0.0,0.0
520,520.0,520.0,520.0,520.0,520.0,520.0,520.0,520.0,520.0,2024-06-26 00:00:00+05:30,1008.0,1023.7999877929688,999.2000122070312,1001.4000244140624,1850138,0.0,0.0
521,521.0,521.0,521.0,521.0,521.0,521.0,521.0,521.0,521.0,2024-06-27 00:00:00+05:30,1003.5499877929688,1017.4000244140624,988.0499877929688,991.75,2516238,0.0,0.0
522,522.0,522.0,522.0,522.0,522.0,522.0,522.0,522.0,522.0,2024-06-28 00:00:00+05:30,998.0,1014.0,985.2000122070312,988.75,2730672,0.0,0.0
523,523.0,523.0,523.0,523.0,523.0,523.0,523.0,523.0,523.0,2024-07-01 00:00:00+05:30,995.0,1006.0999755859376,990.0999755859376,996.3499755859376,1804287,0.0,0.0
524,524.0,524.0,524.0,524.0,524.0,524.0,524.0,524.0,524.0,2024-07-02 00:00:00+05:30,998.0,999.7000122070312,982.2000122070312,985.4500122070312,1535205,0.0,0.0
525,525.0,525.0,525.0,525.0,525.0,525.0,525.0,525.0,525.0,2024-07-03 00:00:00+05:30,985.4500122070312,993.4000244140624,985.4500122070312,988.2000122070312,1128509,0.0,0.0
526,526.0,526.0,526.0,526.0,526.0,526.0,526.0,526.0,526.0,2024-07-04 00:00:00+05:30,991.0,1024.5,991.0,1010.2000122070312,3904568,0.0,0.0
527,527.0,527.0,527.0,527.0,527.0,527.0,527.0,527.0,527.0,2024-07-05 00:00:00+05:30,1010.2000122070312,1024.199951171875,1003.7999877929688,1015.6500244140624,2331848,0.0,0.0
528,528.0,528.0,528.0,528.0,528.0,528.0,528.0,528.0,528.0,2024-07-08 00:00:00+05:30,1017.0,1026.4000244140625,999.0999755859376,1013.3499755859376,2355243,0.0,0.0
529,529.0,529.0,529.0,529.0,529.0,529.0,529.0,529.0,529.0,2024-07-09 00:00:00+05:30,1014.5,1042.0,1008.2000122070312,1032.3499755859375,6941750,0.0,0.0
530,530.0,530.0,530.0,530.0,530.0,530.0,530.0,530.0,530.0,2024-07-10 00:00:00+05:30,1032.949951171875,1062.0,1016.0,1049.5,7415472,0.0,0.0
531,531.0,531.0,531.0,531.0,531.0,531.0,531.0,531.0,531.0,2024-07-11 00:00:00+05:30,1052.949951171875,1062.9000244140625,1039.199951171875,1057.3499755859375,3411317,0.0,0.0
532,532.0,532.0,532.0,532.0,532.0,532.0,532.0,532.0,532.0,2024-07-12 00:00:00+05:30,1065.0,1065.949951171875,1045.5999755859375,1051.550048828125,2662257,0.0,0.0
533,533.0,533.0,533.0,533.0,533.0,533.0,533.0,533.0,533.0,2024-07-15 00:00:00+05:30,1055.0,1067.0,1038.5999755859375,1060.300048828125,2971983,0.0,0.0
534,534.0,534.0,534.0,534.0,534.0,534.0,534.0,534.0,534.0,2024-07-16 00:00:00+05:30,1065.0,1117.800048828125,1058.199951171875,1108.449951171875,14175776,0.0,0.0
535,535.0,535.0,535.0,535.0,535.0,535.0,535.0,535.0,535.0,2024-07-18 00:00:00+05:30,1103.0035147536598,1123.8899654388058,1082.4154904995503,1103.6500244140625,7475945,0.0,0.0
536,536.0,536.0,536.0,536.0,536.0,536.0,536.0,536.0,536.0,2024-07-19 00:00:00+05:30,1106.0,1118.699951171875,1063.3499755859375,1108.25,5571773,6.0,0.0
537,537.0,537.0,537.0,537.0,537.0,537.0,537.0,537.0,,2024-07-22 00:00:00+05:30,1100.0,1146.4000244140625,1090.0,1123.699951171875,6769614,0.0,0.0
538,538.0,538.0,538.0,538.0,538.0,538.0,538.0,538.0,,2024-07-23 00:00:00+05:30,1130.449951171875,1143.699951171875,1044.5,1086.6500244140625,6560323,0.0,0.0
539,539.0,539.0,539.0,539.0,539.0,539.0,539.0,539.0,,2024-07-24 00:00:00+05:30,1090.0,1170.0,1088.1500244140625,1160.550048828125,7850480,0.0,0.0
540,540.0,540.0,540.0,540.0,540.0,540.0,540.0,540.0,,2024-07-25 00:00:00+05:30,1140.0,1173.0,1130.0,1160.9000244140625,5527885,0.0,0.0
541,541.0,541.0,541.0,541.0,541.0,541.0,541.0,541.0,,2024-07-26 00:00:00+05:30,1165.0,1197.0,1151.050048828125,1180.699951171875,6742637,0.0,0.0
542,542.0,542.0,542.0,542.0,542.0,542.0,542.0,,,2024-07-29 00:00:00+05:30,1194.6500244140625,1197.0,1165.300048828125,1173.5999755859375,3020820,0.0,0.0
543,543.0,543.0,543.0,543.0,543.0,543.0,543.0,,,2024-07-30 00:00:00+05:30,1173.5999755859375,1192.449951171875,1163.800048828125,1188.0999755859375,3011688,0.0,0.0
544,544.0,544.0,544.0,544.0,544.0,544.0,544.0,,,2024-07-31 00:00:00+05:30,1188.0999755859375,1193.5,1168.8499755859375,1176.0999755859375,3126309,0.0,0.0
545,545.0,545.0,545.0,545.0,545.0,545.0,545.0,,,2024-08-01 00:00:00+05:30,1183.1500244140625,1222.0,1176.050048828125,1179.1500244140625,6938545,0.0,0.0
546,546.0,546.0,546.0,546.0,546.0,546.0,546.0,,,2024-08-02 00:00:00+05:30,1172.050048828125,1191.0,1160.0,1179.550048828125,3057586,0.0,0.0
547,547.0,547.0,547.0,547.0,547.0,547.0,547.0,,,2024-08-05 00:00:00+05:30,1154.0,1154.0,1087.0,1107.6500244140625,5878903,0.0,0.0
548,548.0,548.0,548.0,548.0,548.0,548.0,548.0,,,2024-08-06 00:00:00+05:30,1120.0,1136.9000244140625,1076.199951171875,1079.550048828125,3343418,0.0,0.0
549,549.0,549.0,549.0,549.0,549.0,549.0,549.0,,,2024-08-07 00:00:00+05:30,1115.0,1127.800048828125,1084.75,1123.550048828125,2488460,0.0,0.0
550,550.0,550.0,550.0,550.0,550.0,550.0,550.0,,,2024-08-08 00:00:00+05:30,1126.0,1148.4000244140625,1118.9000244140625,1125.5999755859375,2615890,0.0,0.0
551,551.0,551.0,551.0,551.0,551.0,551.0,551.0,,,2024-08-09 00:00:00+05:30,1155.0,1160.0,1128.949951171875,1133.449951171875,3598457,0.0,0.0
552,552.0,552.0,552.0,552.0,552.0,552.0,552.0,,,2024-08-12 00:00:00+05:30,1125.0,1130.300048828125,1071.0999755859375,1074.3499755859375,5939943,0.0,0.0
553,553.0,553.0,553.0,553.0,553.0,553.0,553.0,,,2024-08-13 00:00:00+05:30,1086.0,1089.9000244140625,1020.0999755859376,1028.5999755859375,3776212,0.0,0.0
554,554.0,554.0,554.0,554.0,554.0,554.0,554.0,,,2024-08-14 00:00:00+05:30,1042.5,1044.0,1003.75,1027.300048828125,3380840,0.0,0.0
555,555.0,555.0,555.0,555.0,555.0,555.0,555.0,,,2024-08-16 00:00:00+05:30,1040.0,1065.0,1037.300048828125,1057.300048828125,2611128,0.0,0.0
556,556.0,556.0,556.0,556.0,556.0,556.0,556.0,,,2024-08-19 00:00:00+05:30,1059.6500244140625,1075.0,1056.6500244140625,1072.3499755859375,1779464,0.0,0.0
557,557.0,557.0,557.0,557.0,557.0,557.0,557.0,,,2024-08-20 00:00:00+05:30,1074.949951171875,1082.0,1065.550048828125,1067.949951171875,1145286,0.0,0.0
558,558.0,558.0,558.0,558.0,558.0,558.0,558.0,,,2024-08-21 00:00:00+05:30,1069.9000244140625,1086.75,1065.0,1084.1500244140625,1381891,0.0,0.0
559,559.0,559.0,559.0,559.0,559.0,559.0,559.0,,,2024-08-22 00:00:00+05:30,1092.0,1092.0,1072.5,1075.5,1015996,0.0,0.0
560,560.0,560.0,560.0,560.0,560.0,560.0,,,,2024-08-23 00:00:00+05:30,1080.300048828125,1080.300048828125,1059.0,1061.3499755859375,922493,0.0,0.0
561,561.0,561.0,561.0,561.0,561.0,561.0,,,,2024-08-26 00:00:00+05:30,1065.0,1073.75,1049.699951171875,1052.050048828125,1156208,0.0,0.0
562,562.0,562.0,562.0,562.0,562.0,562.0,,,,2024-08-27 00:00:00+05:30,1061.9000244140625,1090.0,1045.0,1079.1500244140625,3116822,0.0,0.0
563,563.0,563.0,563.0,563.0,563.0,563.0,,,,2024-08-28 00:00:00+05:30,1080.449951171875,1095.0,1073.0,1084.5,1481538,0.0,0.0
564,564.0,564.0,564.0,564.0,564.0,564.0,,,,2024-08-29 00:00:00+05:30,1088.0,1088.0,1061.0,1068.8499755859375,1520168,0.0,0.0
565,565.0,565.0,565.0,565.0,565.0,565.0,,,,2024-08-30 00:00:00+05:30,1070.0,1078.5,1061.0,1064.25,933547,0.0,0.0
566,566.0,566.0,566.0,566.0,566.0,566.0,,,,2024-09-02 00:00:00+05:30,1065.5,1070.25,1055.75,1058.5999755859375,857165,0.0,0.0
567,567.0,567.0,567.0,567.0,567.0,567.0,,,,2024-09-03 00:00:00+05:30,1064.0,1068.800048828125,1054.449951171875,1062.300048828125,857613,0.0,0.0
568,568.0,568.0,568.0,568.0,568.0,568.0,,,,2024-09-04 00:00:00+05:30,1055.0999755859375,1069.9000244140625,1050.5999755859375,1064.75,978470,0.0,0.0
569,569.0,569.0,569.0,569.0,569.0,569.0,,,,2024-09-05 00:00:00+05:30,1064.0,1079.949951171875,1058.300048828125,1069.300048828125,1019982,0.0,0.0
570,570.0,570.0,570.0,570.0,570.0,570.0,,,,2024-09-06 00:00:00+05:30,1065.0,1072.0,1035.0,1038.9000244140625,1370284,0.0,0.0
571,571.0,571.0,571.0,571.0,571.0,571.0,,,,2024-09-09 00:00:00+05:30,1038.9000244140625,1044.9000244140625,1020.0,1029.300048828125,1433956,0.0,0.0
572,572.0,572.0,572.0,572.0,572.0,572.0,,,,2024-09-10 00:00:00+05:30,1034.0,1045.0,1030.0,1032.1500244140625,749982,0.0,0.0
573,573.0,573.0,573.0,573.0,573.0,573.0,,,,2024-09-11 00:00:00+05:30,1033.0,1036.8499755859375,1004.8499755859376,1013.7000122070312,973759,0.0,0.0
574,574.0,574.0,574.0,574.0,574.0,574.0,,,,2024-09-12 00:00:00+05:30,1019.9000244140624,1034.9000244140625,1018.9500122070312,1031.5999755859375,836623,0.0,0.0
575,575.0,575.0,575.0,575.0,575.0,575.0,,,,2024-09-13 00:00:00+05:30,1035.0,1046.0,1028.699951171875,1034.1500244140625,870819,0.0,0.0
576,576.0,576.0,576.0,576.0,576.0,576.0,,,,2024-09-16 00:00:00+05:30,1039.0,1041.6500244140625,1026.050048828125,1028.1500244140625,927727,0.0,0.0
577,577.0,577.0,577.0,577.0,577.0,577.0,,,,2024-09-17 00:00:00+05:30,1029.949951171875,1029.949951171875,1020.0,1021.2000122070312,502810,0.0,0.0
578,578.0,578.0,578.0,578.0,578.0,578.0,,,,2024-09-18 00:00:00+05:30,1021.0,1034.449951171875,1016.0,1018.5999755859376,708747,0.0,0.0
579,579.0,579.0,579.0,579.0,579.0,579.0,,,,2024-09-19 00:00:00+05:30,1023.0,1029.550048828125,991.0,1000.5499877929688,1381614,0.0,0.0
580,580.0,580.0,580.0,580.0,580.0,580.0,,,,2024-09-20 00:00:00+05:30,1008.0,1024.449951171875,1002.5,1010.3499755859376,1547836,0.0,0.0
581,581.0,581.0,581.0,581.0,581.0,581.0,,,,2024-09-23 00:00:00+05:30,1012.9500122070312,1037.449951171875,1012.1500244140624,1032.8499755859375,1343379,0.0,0.0
582,582.0,582.0,582.0,582.0,582.0,582.0,,,,2024-09-24 00:00:00+05:30,1032.8499755859375,1043.449951171875,1025.25,1028.199951171875,922727,0.0,0.0
583,583.0,583.0,583.0,583.0,583.0,583.0,,,,2024-09-25 00:00:00+05:30,1026.949951171875,1032.449951171875,1017.2000122070312,1017.9000244140624,266004,0.0,0.0
584,584.0,584.0,584.0,,,,,,,2024-09-26 00:00:00+05:30,1024.0,1048.9000244140625,1010.5,1028.050048828125,2653652,0.0,0.0
585,585.0,585.0,585.0,,,,,,,2024-09-27 00:00:00+05:30,1033.199951171875,1033.199951171875,1020.4000244140624,1024.25,1196872,0.0,0.0
586,586.0,586.0,,,,,,,,2024-09-26 00:00:00+05:30,1024.0,1048.9000244140625,1010.5,1028.050048828125,2653652,0.0,0.0
587,587.0,587.0,,,,,,,,2024-09-27 00:00:00+05:30,1033.199951171875,1033.199951171875,1020.4000244140624,1024.25,1196872,0.0,0.0
