,Unnamed: 0.4,Unnamed: 0.3,Unnamed: 0.2,Unnamed: 0.1,Unnamed: 0,Date,Open,High,Low,Close,Volume,Dividends,Stock Splits
0,0.0,0.0,0.0,0.0,0.0,2022-05-26 00:00:00+05:30,24.0,24.200000762939453,23.079999923706055,24.200000762939453,60585,0.0,0.0
1,1.0,1.0,1.0,1.0,1.0,2022-05-27 00:00:00+05:30,25.559999465942383,26.6200008392334,25.559999465942383,26.6200008392334,194605,0.0,0.0
2,2.0,2.0,2.0,2.0,2.0,2022-05-30 00:00:00+05:30,27.850000381469727,27.940000534057617,25.290000915527344,25.290000915527344,55775,0.0,0.0
3,3.0,3.0,3.0,3.0,3.0,2022-05-31 00:00:00+05:30,24.100000381469727,24.100000381469727,24.030000686645508,24.030000686645508,5565,0.0,0.0
4,4.0,4.0,4.0,4.0,4.0,2022-06-01 00:00:00+05:30,22.84000015258789,22.84000015258789,22.829999923706055,22.829999923706055,4675,0.0,0.0
5,5.0,5.0,5.0,5.0,5.0,2022-06-02 00:00:00+05:30,21.690000534057617,21.690000534057617,21.690000534057617,21.690000534057617,10215,0.0,0.0
6,6.0,6.0,6.0,6.0,6.0,2022-06-03 00:00:00+05:30,20.61000061035156,20.61000061035156,20.61000061035156,20.61000061035156,4960,0.0,0.0
7,7.0,7.0,7.0,7.0,7.0,2022-06-06 00:00:00+05:30,19.579999923706055,21.559999465942383,19.579999923706055,19.739999771118164,66465,0.0,0.0
8,8.0,8.0,8.0,8.0,8.0,2022-06-07 00:00:00+05:30,19.34000015258789,20.600000381469727,18.760000228881836,20.149999618530273,18760,0.0,0.0
9,9.0,9.0,9.0,9.0,9.0,2022-06-08 00:00:00+05:30,20.200000762939453,20.530000686645508,19.450000762939453,19.5,10130,0.0,0.0
10,10.0,10.0,10.0,10.0,10.0,2022-06-09 00:00:00+05:30,19.450000762939453,20.239999771118164,18.61000061035156,19.270000457763672,7070,0.0,0.0
11,11.0,11.0,11.0,11.0,11.0,2022-06-10 00:00:00+05:30,19.65999984741211,20.229999542236328,18.399999618530273,20.219999313354492,6760,0.0,0.0
12,12.0,12.0,12.0,12.0,12.0,2022-06-13 00:00:00+05:30,21.229999542236328,21.229999542236328,19.40999984741211,21.229999542236328,47325,0.0,0.0
13,13.0,13.0,13.0,13.0,13.0,2022-06-14 00:00:00+05:30,21.799999237060547,22.0,20.170000076293945,20.290000915527344,25970,0.0,0.0
14,14.0,14.0,14.0,14.0,14.0,2022-06-15 00:00:00+05:30,20.170000076293945,20.170000076293945,19.280000686645508,19.36000061035156,10825,0.0,0.0
15,15.0,15.0,15.0,15.0,15.0,2022-06-16 00:00:00+05:30,20.31999969482422,20.31999969482422,18.520000457763672,19.559999465942383,11975,0.0,0.0
16,16.0,16.0,16.0,16.0,16.0,2022-06-17 00:00:00+05:30,19.010000228881836,19.520000457763672,18.59000015258789,18.600000381469727,13795,0.0,0.0
17,17.0,17.0,17.0,17.0,17.0,2022-06-20 00:00:00+05:30,17.8799991607666,19.36000061035156,17.670000076293945,17.860000610351562,11380,0.0,0.0
18,18.0,18.0,18.0,18.0,18.0,2022-06-21 00:00:00+05:30,18.6299991607666,18.739999771118164,17.100000381469727,18.309999465942383,10250,0.0,0.0
19,19.0,19.0,19.0,19.0,19.0,2022-06-22 00:00:00+05:30,17.709999084472656,19.100000381469727,17.399999618530273,17.729999542236328,24795,0.0,0.0
20,20.0,20.0,20.0,20.0,20.0,2022-06-23 00:00:00+05:30,17.799999237060547,18.61000061035156,17.40999984741211,18.190000534057617,9800,0.0,0.0
21,21.0,21.0,21.0,21.0,21.0,2022-06-24 00:00:00+05:30,17.739999771118164,18.399999618530273,17.600000381469727,17.690000534057617,8380,0.0,0.0
22,22.0,22.0,22.0,22.0,22.0,2022-06-27 00:00:00+05:30,18.559999465942383,18.56999969482422,17.399999618530273,17.950000762939453,11030,0.0,0.0
23,23.0,23.0,23.0,23.0,23.0,2022-06-28 00:00:00+05:30,17.56999969482422,18.59000015258789,17.459999084472656,18.040000915527344,4100,0.0,0.0
24,24.0,24.0,24.0,24.0,24.0,2022-06-29 00:00:00+05:30,18.049999237060547,18.770000457763672,17.799999237060547,18.079999923706055,4900,0.0,0.0
25,25.0,25.0,25.0,25.0,25.0,2022-06-30 00:00:00+05:30,17.799999237060547,18.979999542236328,17.389999389648438,18.020000457763672,11210,0.0,0.0
26,26.0,26.0,26.0,26.0,26.0,2022-07-01 00:00:00+05:30,17.190000534057617,18.700000762939453,17.1200008392334,17.450000762939453,21250,0.0,0.0
27,27.0,27.0,27.0,27.0,27.0,2022-07-04 00:00:00+05:30,17.450000762939453,18.31999969482422,17.010000228881836,17.3700008392334,6610,0.0,0.0
28,28.0,28.0,28.0,28.0,28.0,2022-07-05 00:00:00+05:30,17.0,17.989999771118164,16.809999465942383,17.450000762939453,6450,0.0,0.0
29,29.0,29.0,29.0,29.0,29.0,2022-07-06 00:00:00+05:30,16.709999084472656,18.31999969482422,16.709999084472656,17.110000610351562,8135,0.0,0.0
30,30.0,30.0,30.0,30.0,30.0,2022-07-07 00:00:00+05:30,17.920000076293945,17.920000076293945,17.010000228881836,17.639999389648438,9270,0.0,0.0
31,31.0,31.0,31.0,31.0,31.0,2022-07-08 00:00:00+05:30,18.0,18.399999618530273,17.139999389648438,17.950000762939453,8615,0.0,0.0
32,32.0,32.0,32.0,32.0,32.0,2022-07-11 00:00:00+05:30,17.309999465942383,18.600000381469727,17.309999465942383,18.38999938964844,9265,0.0,0.0
33,33.0,33.0,33.0,33.0,33.0,2022-07-12 00:00:00+05:30,17.5,19.100000381469727,17.5,18.209999084472656,8145,0.0,0.0
34,34.0,34.0,34.0,34.0,34.0,2022-07-13 00:00:00+05:30,18.36000061035156,18.799999237060547,17.309999465942383,18.020000457763672,7275,0.0,0.0
35,35.0,35.0,35.0,35.0,35.0,2022-07-14 00:00:00+05:30,17.25,18.459999084472656,17.25,17.459999084472656,13395,0.0,0.0
36,36.0,36.0,36.0,36.0,36.0,2022-07-15 00:00:00+05:30,17.6200008392334,18.329999923706055,17.0,17.6200008392334,6495,0.0,0.0
37,37.0,37.0,37.0,37.0,37.0,2022-07-18 00:00:00+05:30,17.6200008392334,18.229999542236328,17.239999771118164,17.920000076293945,14725,0.0,0.0
38,38.0,38.0,38.0,38.0,38.0,2022-07-19 00:00:00+05:30,17.899999618530273,18.170000076293945,17.030000686645508,17.350000381469727,9265,0.0,0.0
39,39.0,39.0,39.0,39.0,39.0,2022-07-20 00:00:00+05:30,18.149999618530273,18.209999084472656,16.729999542236328,17.459999084472656,9225,0.0,0.0
40,40.0,40.0,40.0,40.0,40.0,2022-07-21 00:00:00+05:30,17.1200008392334,18.18000030517578,16.6200008392334,17.270000457763672,11625,0.0,0.0
41,41.0,41.0,41.0,41.0,41.0,2022-07-22 00:00:00+05:30,17.290000915527344,18.0,17.200000762939453,17.459999084472656,8660,0.0,0.0
42,42.0,42.0,42.0,42.0,42.0,2022-07-25 00:00:00+05:30,17.950000762939453,17.950000762939453,16.729999542236328,17.31999969482422,6055,0.0,0.0
43,43.0,43.0,43.0,43.0,43.0,2022-07-26 00:00:00+05:30,16.940000534057617,17.790000915527344,16.940000534057617,17.610000610351562,9565,0.0,0.0
44,44.0,44.0,44.0,44.0,44.0,2022-07-27 00:00:00+05:30,17.649999618530273,17.979999542236328,16.940000534057617,17.229999542236328,7450,0.0,0.0
45,45.0,45.0,45.0,45.0,45.0,2022-07-28 00:00:00+05:30,17.809999465942383,18.09000015258789,16.989999771118164,18.09000015258789,24150,0.0,0.0
46,46.0,46.0,46.0,46.0,46.0,2022-07-29 00:00:00+05:30,18.600000381469727,18.780000686645508,17.600000381469727,18.190000534057617,5775,0.0,0.0
47,47.0,47.0,47.0,47.0,47.0,2022-08-01 00:00:00+05:30,18.0,19.079999923706055,17.290000915527344,18.579999923706055,34325,0.0,0.0
48,48.0,48.0,48.0,48.0,48.0,2022-08-02 00:00:00+05:30,18.579999923706055,18.600000381469727,17.670000076293945,18.18000030517578,23250,0.0,0.0
49,49.0,49.0,49.0,49.0,49.0,2022-08-03 00:00:00+05:30,17.440000534057617,19.0,17.440000534057617,17.770000457763672,15100,0.0,0.0
50,50.0,50.0,50.0,50.0,50.0,2022-08-04 00:00:00+05:30,18.59000015258789,18.59000015258789,17.510000228881836,18.049999237060547,10560,0.0,0.0
51,51.0,51.0,51.0,51.0,51.0,2022-08-05 00:00:00+05:30,17.31999969482422,19.799999237060547,17.31999969482422,18.059999465942383,23500,0.0,0.0
52,52.0,52.0,52.0,52.0,52.0,2022-08-08 00:00:00+05:30,17.329999923706055,19.329999923706055,17.329999923706055,17.8799991607666,5115,0.0,0.0
53,53.0,53.0,53.0,53.0,53.0,2022-08-10 00:00:00+05:30,18.600000381469727,19.65999984741211,16.520000457763672,19.65999984741211,35425,0.0,0.0
54,54.0,54.0,54.0,54.0,54.0,2022-08-11 00:00:00+05:30,21.3700008392334,21.3700008392334,19.6200008392334,20.690000534057617,60810,0.0,0.0
55,55.0,55.0,55.0,55.0,55.0,2022-08-12 00:00:00+05:30,20.65999984741211,20.920000076293945,19.010000228881836,20.18000030517578,11015,0.0,0.0
56,56.0,56.0,56.0,56.0,56.0,2022-08-16 00:00:00+05:30,20.799999237060547,20.799999237060547,18.170000076293945,19.260000228881836,52760,0.0,0.0
57,57.0,57.0,57.0,57.0,57.0,2022-08-17 00:00:00+05:30,17.729999542236328,19.459999084472656,17.729999542236328,18.489999771118164,9440,0.0,0.0
58,58.0,58.0,58.0,58.0,58.0,2022-08-18 00:00:00+05:30,18.0,20.329999923706055,18.0,18.520000457763672,38960,0.0,0.0
59,59.0,59.0,59.0,59.0,59.0,2022-08-19 00:00:00+05:30,18.209999084472656,19.760000228881836,18.209999084472656,19.059999465942383,13130,0.0,0.0
60,60.0,60.0,60.0,60.0,60.0,2022-08-22 00:00:00+05:30,19.38999938964844,19.459999084472656,18.420000076293945,19.170000076293945,6725,0.0,0.0
61,61.0,61.0,61.0,61.0,61.0,2022-08-23 00:00:00+05:30,18.040000915527344,19.600000381469727,18.040000915527344,19.36000061035156,5005,0.0,0.0
62,62.0,62.0,62.0,62.0,62.0,2022-08-24 00:00:00+05:30,18.399999618530273,19.36000061035156,18.399999618530273,18.93000030517578,5895,0.0,0.0
63,63.0,63.0,63.0,63.0,63.0,2022-08-25 00:00:00+05:30,18.93000030517578,20.81999969482422,18.59000015258789,19.829999923706055,99700,0.0,0.0
64,64.0,64.0,64.0,64.0,64.0,2022-08-26 00:00:00+05:30,21.190000534057617,21.799999237060547,19.940000534057617,21.38999938964844,87745,0.0,0.0
65,65.0,65.0,65.0,65.0,65.0,2022-08-29 00:00:00+05:30,21.38999938964844,21.38999938964844,19.799999237060547,21.1299991607666,29855,0.0,0.0
66,66.0,66.0,66.0,66.0,66.0,2022-08-30 00:00:00+05:30,20.799999237060547,21.829999923706055,20.219999313354492,20.6299991607666,29830,0.0,0.0
67,67.0,67.0,67.0,67.0,67.0,2022-09-01 00:00:00+05:30,20.6299991607666,22.559999465942383,18.670000076293945,19.65999984741211,87015,0.0,0.0
68,68.0,68.0,68.0,68.0,68.0,2022-09-02 00:00:00+05:30,20.799999237060547,21.290000915527344,19.729999542236328,20.84000015258789,36115,0.0,0.0
69,69.0,69.0,69.0,69.0,69.0,2022-09-05 00:00:00+05:30,21.600000381469727,21.600000381469727,19.25,20.1299991607666,33950,0.0,0.0
70,70.0,70.0,70.0,70.0,70.0,2022-09-06 00:00:00+05:30,19.790000915527344,20.760000228881836,19.649999618530273,20.489999771118164,21820,0.0,0.0
71,71.0,71.0,71.0,71.0,71.0,2022-09-07 00:00:00+05:30,19.600000381469727,20.600000381469727,19.600000381469727,20.31999969482422,31120,0.0,0.0
72,72.0,72.0,72.0,72.0,72.0,2022-09-08 00:00:00+05:30,19.65999984741211,20.850000381469727,19.65999984741211,20.549999237060547,9460,0.0,0.0
73,73.0,73.0,73.0,73.0,73.0,2022-09-09 00:00:00+05:30,20.88999938964844,20.88999938964844,20.059999465942383,20.489999771118164,21690,0.0,0.0
74,74.0,74.0,74.0,74.0,74.0,2022-09-12 00:00:00+05:30,20.190000534057617,21.799999237060547,20.079999923706055,21.1299991607666,33645,0.0,0.0
75,75.0,75.0,75.0,75.0,75.0,2022-09-13 00:00:00+05:30,21.1299991607666,21.63999938964844,21.100000381469727,21.5,12420,0.0,0.0
76,76.0,76.0,76.0,76.0,76.0,2022-09-14 00:00:00+05:30,22.200000762939453,22.200000762939453,20.600000381469727,21.979999542236328,4305,0.0,0.0
77,77.0,77.0,77.0,77.0,77.0,2022-09-15 00:00:00+05:30,22.420000076293945,23.06999969482422,21.600000381469727,23.040000915527344,16290,0.0,0.0
78,78.0,78.0,78.0,78.0,78.0,2022-09-16 00:00:00+05:30,23.0,23.0,21.90999984741211,22.170000076293945,2080,0.0,0.0
79,79.0,79.0,79.0,79.0,79.0,2022-09-19 00:00:00+05:30,21.969999313354492,22.549999237060547,21.600000381469727,22.200000762939453,6025,0.0,0.0
80,80.0,80.0,80.0,80.0,80.0,2022-09-20 00:00:00+05:30,21.81999969482422,23.270000457763672,21.200000762939453,22.0,9730,0.0,0.0
81,81.0,81.0,81.0,81.0,81.0,2022-09-21 00:00:00+05:30,21.799999237060547,22.399999618530273,21.200000762939453,22.0,485,0.0,0.0
82,82.0,82.0,82.0,82.0,82.0,2022-09-22 00:00:00+05:30,20.989999771118164,22.81999969482422,20.989999771118164,22.5,3875,0.0,0.0
83,83.0,83.0,83.0,83.0,83.0,2022-09-23 00:00:00+05:30,22.5,22.5,21.40999984741211,21.709999084472656,5240,0.0,0.0
84,84.0,84.0,84.0,84.0,84.0,2022-09-26 00:00:00+05:30,21.600000381469727,22.790000915527344,20.63999938964844,22.790000915527344,1291065,0.0,0.0
85,85.0,85.0,85.0,85.0,85.0,2022-09-27 00:00:00+05:30,23.920000076293945,23.920000076293945,23.81999969482422,23.920000076293945,819445,0.0,0.0
86,86.0,86.0,86.0,86.0,86.0,2022-09-28 00:00:00+05:30,23.920000076293945,25.11000061035156,23.920000076293945,25.11000061035156,381190,0.0,0.0
87,87.0,87.0,87.0,87.0,87.0,2022-09-29 00:00:00+05:30,25.959999084472656,26.36000061035156,25.799999237060547,26.36000061035156,153240,0.0,0.0
88,88.0,88.0,88.0,88.0,88.0,2022-09-30 00:00:00+05:30,27.579999923706055,27.670000076293945,26.600000381469727,27.649999618530273,261455,0.0,0.0
89,89.0,89.0,89.0,89.0,89.0,2022-10-03 00:00:00+05:30,28.6200008392334,28.86000061035156,26.40999984741211,28.63999938964844,125410,0.0,0.0
90,90.0,90.0,90.0,90.0,90.0,2022-10-04 00:00:00+05:30,28.799999237060547,29.979999542236328,27.81999969482422,29.690000534057617,106575,0.0,0.0
91,91.0,91.0,91.0,91.0,91.0,2022-10-06 00:00:00+05:30,28.399999618530273,31.170000076293945,28.399999618530273,29.950000762939453,347665,0.0,0.0
92,92.0,92.0,92.0,92.0,92.0,2022-10-07 00:00:00+05:30,29.040000915527344,31.0,29.040000915527344,30.11000061035156,69955,0.0,0.0
93,93.0,93.0,93.0,93.0,93.0,2022-10-10 00:00:00+05:30,30.479999542236328,30.479999542236328,28.61000061035156,28.8700008392334,37450,0.0,0.0
94,94.0,94.0,94.0,94.0,94.0,2022-10-11 00:00:00+05:30,28.8700008392334,29.690000534057617,27.6200008392334,27.969999313354492,250900,0.0,0.0
95,95.0,95.0,95.0,95.0,95.0,2022-10-12 00:00:00+05:30,27.809999465942383,28.399999618530273,27.350000381469727,28.399999618530273,18645,0.0,0.0
96,96.0,96.0,96.0,96.0,96.0,2022-10-13 00:00:00+05:30,27.540000915527344,28.600000381469727,27.540000915527344,28.030000686645508,15935,0.0,0.0
97,97.0,97.0,97.0,97.0,97.0,2022-10-14 00:00:00+05:30,28.040000915527344,29.010000228881836,28.040000915527344,28.65999984741211,41715,0.0,0.0
98,98.0,98.0,98.0,98.0,98.0,2022-10-17 00:00:00+05:30,28.700000762939453,29.549999237060547,27.420000076293945,29.3700008392334,765280,0.0,0.0
99,99.0,99.0,99.0,99.0,99.0,2022-10-18 00:00:00+05:30,29.399999618530273,29.399999618530273,28.0,28.270000457763672,449225,0.0,0.0
100,100.0,100.0,100.0,100.0,100.0,2022-10-19 00:00:00+05:30,29.049999237060547,29.68000030517578,27.799999237060547,29.420000076293945,985515,0.0,0.0
101,101.0,101.0,101.0,101.0,101.0,2022-10-20 00:00:00+05:30,29.61000061035156,30.399999618530273,29.399999618530273,29.56999969482422,55405,0.0,0.0
102,102.0,102.0,102.0,102.0,102.0,2022-10-21 00:00:00+05:30,30.600000381469727,31.040000915527344,29.420000076293945,30.809999465942383,143890,0.0,0.0
103,103.0,103.0,103.0,103.0,103.0,2022-10-24 00:00:00+05:30,32.20000076293945,32.349998474121094,31.600000381469727,32.25,359945,0.0,0.0
104,104.0,104.0,104.0,104.0,104.0,2022-10-25 00:00:00+05:30,33.20000076293945,33.86000061035156,32.599998474121094,33.849998474121094,96495,0.0,0.0
105,105.0,105.0,105.0,105.0,105.0,2022-10-27 00:00:00+05:30,35.400001525878906,35.540000915527344,32.45000076293945,35.349998474121094,196720,0.0,0.0
106,106.0,106.0,106.0,106.0,106.0,2022-10-28 00:00:00+05:30,37.11000061035156,37.11000061035156,35.400001525878906,37.09000015258789,641230,0.0,0.0
107,107.0,107.0,107.0,107.0,107.0,2022-10-31 00:00:00+05:30,38.400001525878906,38.939998626708984,36.599998474121094,38.93000030517578,261100,0.0,0.0
108,108.0,108.0,108.0,108.0,108.0,2022-11-01 00:00:00+05:30,39.56999969482422,40.869998931884766,39.56999969482422,40.869998931884766,147470,0.0,0.0
109,109.0,109.0,109.0,109.0,109.0,2022-11-02 00:00:00+05:30,42.439998626708984,42.90999984741211,41.20000076293945,42.90999984741211,265715,0.0,0.0
110,110.0,110.0,110.0,110.0,110.0,2022-11-03 00:00:00+05:30,42.400001525878906,45.04999923706055,40.77000045776367,44.90999984741211,239215,0.0,0.0
111,111.0,111.0,111.0,111.0,111.0,2022-11-04 00:00:00+05:30,44.90999984741211,47.150001525878906,44.79999923706055,47.150001525878906,192125,0.0,0.0
112,112.0,112.0,112.0,112.0,112.0,2022-11-07 00:00:00+05:30,49.0,49.0,47.939998626708984,48.0,198400,0.0,0.0
113,113.0,113.0,113.0,113.0,113.0,2022-11-09 00:00:00+05:30,49.970001220703125,50.400001525878906,45.599998474121094,47.52000045776367,190815,0.0,0.0
114,114.0,114.0,114.0,114.0,114.0,2022-11-10 00:00:00+05:30,45.150001525878906,46.97999954223633,45.150001525878906,45.150001525878906,120745,0.0,0.0
115,115.0,115.0,115.0,115.0,115.0,2022-11-11 00:00:00+05:30,42.90999984741211,44.400001525878906,42.900001525878906,43.11000061035156,223130,0.0,0.0
116,116.0,116.0,116.0,116.0,116.0,2022-11-14 00:00:00+05:30,43.20000076293945,45.2599983215332,43.0,45.040000915527344,293530,0.0,0.0
117,117.0,117.0,117.0,117.0,117.0,2022-11-15 00:00:00+05:30,46.79999923706055,47.290000915527344,45.20000076293945,47.20000076293945,806995,0.0,0.0
118,118.0,118.0,118.0,118.0,118.0,2022-11-16 00:00:00+05:30,49.0,49.560001373291016,46.95000076293945,49.41999816894531,344875,0.0,0.0
119,119.0,119.0,119.0,119.0,119.0,2022-11-17 00:00:00+05:30,51.0,51.88999938964844,50.15999984741211,51.88999938964844,239065,0.0,0.0
120,120.0,120.0,120.0,120.0,120.0,2022-11-18 00:00:00+05:30,52.7599983215332,54.47999954223633,52.369998931884766,54.349998474121094,222595,0.0,0.0
121,121.0,121.0,121.0,121.0,121.0,2022-11-21 00:00:00+05:30,55.959999084472656,57.060001373291016,55.400001525878906,57.060001373291016,171020,0.0,0.0
122,122.0,122.0,122.0,122.0,122.0,2022-11-22 00:00:00+05:30,58.599998474121094,59.90999984741211,54.209999084472656,59.900001525878906,398795,0.0,0.0
123,123.0,123.0,123.0,123.0,123.0,2022-11-23 00:00:00+05:30,60.779998779296875,62.88999938964844,59.400001525878906,62.88999938964844,230910,0.0,0.0
124,124.0,124.0,124.0,124.0,124.0,2022-11-24 00:00:00+05:30,63.720001220703125,64.0,59.75,59.75,139725,0.0,0.0
125,125.0,125.0,125.0,125.0,125.0,2022-11-25 00:00:00+05:30,56.77000045776367,56.77000045776367,56.77000045776367,56.77000045776367,10910,0.0,0.0
126,126.0,126.0,126.0,126.0,126.0,2022-11-28 00:00:00+05:30,53.939998626708984,59.599998474121094,53.939998626708984,59.599998474121094,773040,0.0,0.0
127,127.0,127.0,127.0,127.0,127.0,2022-11-29 00:00:00+05:30,60.599998474121094,62.58000183105469,60.400001525878906,62.58000183105469,398200,0.0,0.0
128,128.0,128.0,128.0,128.0,128.0,2022-11-30 00:00:00+05:30,65.0,65.0,62.0,63.54999923706055,274380,0.0,0.0
129,129.0,129.0,129.0,129.0,129.0,2022-12-01 00:00:00+05:30,64.97000122070312,64.97000122070312,61.400001525878906,62.900001525878906,356215,0.0,0.0
130,130.0,130.0,130.0,130.0,130.0,2022-12-02 00:00:00+05:30,60.0099983215332,63.0,60.0099983215332,62.5099983215332,344560,0.0,0.0
131,131.0,131.0,131.0,131.0,131.0,2022-12-05 00:00:00+05:30,62.0,64.0,62.0,62.630001068115234,232320,0.0,0.0
132,132.0,132.0,132.0,132.0,132.0,2022-12-06 00:00:00+05:30,62.0,62.95000076293945,61.599998474121094,61.79999923706055,222150,0.0,0.0
133,133.0,133.0,133.0,133.0,133.0,2022-12-07 00:00:00+05:30,61.79999923706055,63.0,61.599998474121094,61.97999954223633,219840,0.0,0.0
134,134.0,134.0,134.0,134.0,134.0,2022-12-08 00:00:00+05:30,62.0,62.79999923706055,61.79999923706055,61.79999923706055,145620,0.0,0.0
135,135.0,135.0,135.0,135.0,135.0,2022-12-09 00:00:00+05:30,61.79999923706055,64.0,61.79999923706055,63.61000061035156,82805,0.0,0.0
136,136.0,136.0,136.0,136.0,136.0,2022-12-12 00:00:00+05:30,64.4000015258789,66.5999984741211,64.4000015258789,64.9800033569336,143390,0.0,0.0
137,137.0,137.0,137.0,137.0,137.0,2022-12-13 00:00:00+05:30,67.0,67.0,64.0,65.5199966430664,90440,0.0,0.0
138,138.0,138.0,138.0,138.0,138.0,2022-12-14 00:00:00+05:30,64.80000305175781,66.77999877929688,64.19999694824219,64.83000183105469,82295,0.0,0.0
139,139.0,139.0,139.0,139.0,139.0,2022-12-15 00:00:00+05:30,64.19999694824219,65.69000244140625,64.0,64.20999908447266,26855,0.0,0.0
140,140.0,140.0,140.0,140.0,140.0,2022-12-16 00:00:00+05:30,64.20999908447266,64.94000244140625,63.79999923706055,64.77999877929688,341715,0.0,0.0
141,141.0,141.0,141.0,141.0,141.0,2022-12-19 00:00:00+05:30,65.0,65.0,64.0,65.0,258595,0.0,0.0
142,142.0,142.0,142.0,142.0,142.0,2022-12-20 00:00:00+05:30,64.98999786376953,67.5,63.70000076293945,65.87999725341797,490890,0.0,0.0
143,143.0,143.0,143.0,143.0,143.0,2022-12-21 00:00:00+05:30,64.5999984741211,66.4000015258789,64.4000015258789,65.26000213623047,172180,0.0,0.0
144,144.0,144.0,144.0,144.0,144.0,2022-12-22 00:00:00+05:30,65.97000122070312,65.97000122070312,64.01000213623047,64.55000305175781,343075,0.0,0.0
145,145.0,145.0,145.0,145.0,145.0,2022-12-23 00:00:00+05:30,64.0,65.0,61.33000183105469,61.33000183105469,53205,0.0,0.0
146,146.0,146.0,146.0,146.0,146.0,2022-12-26 00:00:00+05:30,58.27000045776367,63.97999954223633,58.27000045776367,63.68000030517578,227080,0.0,0.0
147,147.0,147.0,147.0,147.0,147.0,2022-12-27 00:00:00+05:30,63.9900016784668,63.9900016784668,61.400001525878906,63.630001068115234,143360,0.0,0.0
148,148.0,148.0,148.0,148.0,148.0,2022-12-28 00:00:00+05:30,62.209999084472656,63.0,62.04999923706055,62.790000915527344,75385,0.0,0.0
149,149.0,149.0,149.0,149.0,149.0,2022-12-29 00:00:00+05:30,62.34000015258789,63.0,62.20000076293945,62.560001373291016,8095,0.0,0.0
150,150.0,150.0,150.0,150.0,150.0,2022-12-30 00:00:00+05:30,63.0,65.68000030517578,61.599998474121094,65.16999816894531,285900,0.0,0.0
151,151.0,151.0,151.0,151.0,151.0,2023-01-02 00:00:00+05:30,66.25,66.27999877929688,63.9900016784668,64.62999725341797,51390,0.0,0.0
152,152.0,152.0,152.0,152.0,152.0,2023-01-03 00:00:00+05:30,65.98999786376953,65.98999786376953,63.79999923706055,64.69999694824219,149995,0.0,0.0
153,153.0,153.0,153.0,153.0,153.0,2023-01-04 00:00:00+05:30,64.69999694824219,65.4000015258789,63.0,64.56999969482422,132210,0.0,0.0
154,154.0,154.0,154.0,154.0,154.0,2023-01-05 00:00:00+05:30,65.98999786376953,65.98999786376953,63.849998474121094,64.77999877929688,142500,0.0,0.0
155,155.0,155.0,155.0,155.0,155.0,2023-01-06 00:00:00+05:30,64.77999877929688,68.0,63.790000915527344,67.19999694824219,95715,0.0,0.0
156,156.0,156.0,156.0,156.0,156.0,2023-01-09 00:00:00+05:30,69.37000274658203,69.37000274658203,64.80000305175781,66.25,157025,0.0,0.0
157,157.0,157.0,157.0,157.0,157.0,2023-01-10 00:00:00+05:30,67.58000183105469,67.58000183105469,64.19999694824219,66.2300033569336,30630,0.0,0.0
158,158.0,158.0,158.0,158.0,158.0,2023-01-11 00:00:00+05:30,66.37999725341797,66.47000122070312,65.0,65.75,23855,0.0,0.0
159,159.0,159.0,159.0,159.0,159.0,2023-01-12 00:00:00+05:30,65.4000015258789,67.5999984741211,63.0,66.01000213623047,511135,0.0,0.0
160,160.0,160.0,160.0,160.0,160.0,2023-01-13 00:00:00+05:30,66.01000213623047,66.01000213623047,63.79999923706055,64.30000305175781,723125,0.0,0.0
161,161.0,161.0,161.0,161.0,161.0,2023-01-16 00:00:00+05:30,65.16999816894531,65.77999877929688,64.1500015258789,65.43000030517578,101745,0.0,0.0
162,162.0,162.0,162.0,162.0,162.0,2023-01-17 00:00:00+05:30,66.18000030517578,66.18000030517578,63.599998474121094,65.1500015258789,108365,0.0,0.0
163,163.0,163.0,163.0,163.0,163.0,2023-01-18 00:00:00+05:30,64.0,65.80000305175781,64.0,64.61000061035156,311730,0.0,0.0
164,164.0,164.0,164.0,164.0,164.0,2023-01-19 00:00:00+05:30,65.58000183105469,65.58000183105469,63.599998474121094,64.19999694824219,76500,0.0,0.0
165,165.0,165.0,165.0,165.0,165.0,2023-01-20 00:00:00+05:30,65.4000015258789,65.4000015258789,62.0,62.790000915527344,111400,0.0,0.0
166,166.0,166.0,166.0,166.0,166.0,2023-01-23 00:00:00+05:30,62.790000915527344,63.560001373291016,61.599998474121094,62.68000030517578,24360,0.0,0.0
167,167.0,167.0,167.0,167.0,167.0,2023-01-24 00:00:00+05:30,64.0,64.0,59.880001068115234,61.290000915527344,273115,0.0,0.0
168,168.0,168.0,168.0,168.0,168.0,2023-01-25 00:00:00+05:30,61.59000015258789,64.3499984741211,58.70000076293945,63.630001068115234,316025,0.0,0.0
169,169.0,169.0,169.0,169.0,169.0,2023-01-27 00:00:00+05:30,65.0,65.0,62.0,63.9900016784668,48375,0.0,0.0
170,170.0,170.0,170.0,170.0,170.0,2023-01-30 00:00:00+05:30,64.80000305175781,64.80000305175781,62.79999923706055,62.9900016784668,221605,0.0,0.0
171,171.0,171.0,171.0,171.0,171.0,2023-01-31 00:00:00+05:30,63.79999923706055,63.79999923706055,62.400001525878906,63.400001525878906,31520,0.0,0.0
172,172.0,172.0,172.0,172.0,172.0,2023-02-01 00:00:00+05:30,64.18000030517578,64.18000030517578,61.599998474121094,62.599998474121094,18125,0.0,0.0
173,173.0,173.0,173.0,173.0,173.0,2023-02-02 00:00:00+05:30,63.380001068115234,63.380001068115234,61.400001525878906,62.599998474121094,175510,0.0,0.0
174,174.0,174.0,174.0,174.0,174.0,2023-02-03 00:00:00+05:30,63.599998474121094,63.599998474121094,59.599998474121094,62.130001068115234,79755,0.0,0.0
175,175.0,175.0,175.0,175.0,175.0,2023-02-06 00:00:00+05:30,62.790000915527344,62.790000915527344,60.79999923706055,60.88999938964844,57060,0.0,0.0
176,176.0,176.0,176.0,176.0,176.0,2023-02-07 00:00:00+05:30,62.0,63.599998474121094,60.560001373291016,61.22999954223633,180095,0.0,0.0
177,177.0,177.0,177.0,177.0,177.0,2023-02-08 00:00:00+05:30,61.22999954223633,62.959999084472656,60.38999938964844,62.61000061035156,15930,0.0,0.0
178,178.0,178.0,178.0,178.0,178.0,2023-02-09 00:00:00+05:30,62.97999954223633,62.97999954223633,61.029998779296875,62.290000915527344,394805,0.0,0.0
179,179.0,179.0,179.0,179.0,179.0,2023-02-10 00:00:00+05:30,62.20000076293945,62.59000015258789,60.41999816894531,62.290000915527344,26760,0.0,0.0
180,180.0,180.0,180.0,180.0,180.0,2023-02-13 00:00:00+05:30,59.529998779296875,62.779998779296875,59.529998779296875,61.79999923706055,60875,0.0,0.0
181,181.0,181.0,181.0,181.0,181.0,2023-02-14 00:00:00+05:30,62.38999938964844,62.38999938964844,60.599998474121094,62.02000045776367,92595,0.0,0.0
182,182.0,182.0,182.0,182.0,182.0,2023-02-15 00:00:00+05:30,62.02000045776367,65.12000274658203,61.099998474121094,63.939998626708984,237010,0.0,0.0
183,183.0,183.0,183.0,183.0,183.0,2023-02-16 00:00:00+05:30,64.0,65.0,63.79999923706055,64.98999786376953,358955,0.0,0.0
184,184.0,184.0,184.0,184.0,184.0,2023-02-17 00:00:00+05:30,64.98999786376953,65.0,64.0,64.2300033569336,183820,0.0,0.0
185,185.0,185.0,185.0,185.0,185.0,2023-02-20 00:00:00+05:30,64.2300033569336,65.0,62.79999923706055,64.94000244140625,163855,0.0,0.0
186,186.0,186.0,186.0,186.0,186.0,2023-02-21 00:00:00+05:30,65.0,65.4000015258789,64.02999877929688,65.3499984741211,67075,0.0,0.0
187,187.0,187.0,187.0,187.0,187.0,2023-02-22 00:00:00+05:30,66.0,66.0,64.4000015258789,65.37999725341797,26625,0.0,0.0
188,188.0,188.0,188.0,188.0,188.0,2023-02-23 00:00:00+05:30,65.5999984741211,65.8499984741211,64.80000305175781,65.58999633789062,42685,0.0,0.0
189,189.0,189.0,189.0,189.0,189.0,2023-02-24 00:00:00+05:30,66.30000305175781,67.73999786376953,65.0,66.61000061035156,738900,0.0,0.0
190,190.0,190.0,190.0,190.0,190.0,2023-02-27 00:00:00+05:30,68.0,69.0,66.19999694824219,68.0199966430664,369930,0.0,0.0
191,191.0,191.0,191.0,191.0,191.0,2023-02-28 00:00:00+05:30,68.02999877929688,69.4000015258789,66.20999908447266,68.79000091552734,1384710,0.0,0.0
192,192.0,192.0,192.0,192.0,192.0,2023-03-01 00:00:00+05:30,69.0,69.4000015258789,67.19999694824219,68.62000274658203,821160,0.0,0.0
193,193.0,193.0,193.0,193.0,193.0,2023-03-02 00:00:00+05:30,68.95999908447266,68.95999908447266,67.80000305175781,68.05000305175781,893845,0.0,0.0
194,194.0,194.0,194.0,194.0,194.0,2023-03-03 00:00:00+05:30,68.73999786376953,70.5,68.05999755859375,69.86000061035156,768180,0.0,0.0
195,195.0,195.0,195.0,195.0,195.0,2023-03-06 00:00:00+05:30,73.01000213623047,73.01000213623047,71.11000061035156,71.43000030517578,1421655,0.0,0.0
196,196.0,196.0,196.0,196.0,196.0,2023-03-08 00:00:00+05:30,72.36000061035156,73.19000244140625,71.61000061035156,71.95999908447266,511900,0.0,0.0
197,197.0,197.0,197.0,197.0,197.0,2023-03-09 00:00:00+05:30,73.0,74.3499984741211,72.0,73.44000244140625,858680,0.0,0.0
198,198.0,198.0,198.0,198.0,198.0,2023-03-10 00:00:00+05:30,73.0,75.80000305175781,73.0,73.83000183105469,778045,0.0,0.0
199,199.0,199.0,199.0,199.0,199.0,2023-03-13 00:00:00+05:30,75.0,77.5199966430664,74.11000061035156,77.4000015258789,643795,0.0,0.0
200,200.0,200.0,200.0,200.0,200.0,2023-03-14 00:00:00+05:30,79.4000015258789,79.5,74.9000015258789,75.41999816894531,668810,0.0,0.0
201,201.0,201.0,201.0,201.0,201.0,2023-03-15 00:00:00+05:30,74.19999694824219,75.98999786376953,72.4000015258789,73.02999877929688,2121435,0.0,0.0
202,202.0,202.0,202.0,202.0,202.0,2023-03-16 00:00:00+05:30,72.5,76.69999694824219,70.3499984741211,76.69999694824219,676683,0.0,0.0
203,203.0,203.0,203.0,203.0,203.0,2023-03-17 00:00:00+05:30,77.0,80.5,72.9000015258789,80.5,1293722,0.0,0.0
204,204.0,204.0,204.0,204.0,204.0,2023-03-20 00:00:00+05:30,84.5,84.5,80.4000015258789,83.5999984741211,1080459,0.0,0.0
205,205.0,205.0,205.0,205.0,205.0,2023-03-21 00:00:00+05:30,84.5,87.75,80.19999694824219,81.44999694824219,1591100,0.0,0.0
206,206.0,206.0,206.0,206.0,206.0,2023-03-22 00:00:00+05:30,81.80000305175781,84.9000015258789,77.4000015258789,77.5999984741211,843092,0.0,0.0
207,207.0,207.0,207.0,207.0,207.0,2023-03-23 00:00:00+05:30,76.5,81.44999694824219,73.75,79.8499984741211,1070239,0.0,0.0
208,208.0,208.0,208.0,208.0,208.0,2023-03-24 00:00:00+05:30,83.19999694824219,83.80000305175781,80.69999694824219,83.25,556892,0.0,0.0
209,209.0,209.0,209.0,209.0,209.0,2023-03-27 00:00:00+05:30,84.1500015258789,84.1500015258789,79.0999984741211,79.25,219728,0.0,0.0
210,210.0,210.0,210.0,210.0,210.0,2023-03-28 00:00:00+05:30,76.0999984741211,80.5,75.30000305175781,77.5999984741211,133986,0.0,0.0
211,211.0,211.0,211.0,211.0,211.0,2023-03-29 00:00:00+05:30,78.9000015258789,78.9000015258789,73.75,74.0999984741211,61289,0.0,0.0
212,212.0,212.0,212.0,212.0,212.0,2023-03-31 00:00:00+05:30,74.0,77.0,71.80000305175781,75.05000305175781,90118,0.0,0.0
213,213.0,213.0,213.0,213.0,213.0,2023-04-03 00:00:00+05:30,76.55000305175781,76.55000305175781,71.30000305175781,73.75,220065,0.0,0.0
214,214.0,214.0,214.0,214.0,214.0,2023-04-05 00:00:00+05:30,75.0,77.0,71.4000015258789,76.8499984741211,429448,0.0,0.0
215,215.0,215.0,215.0,215.0,215.0,2023-04-06 00:00:00+05:30,76.0,80.6500015258789,76.0,80.44999694824219,213603,0.0,0.0
216,216.0,216.0,216.0,216.0,216.0,2023-04-10 00:00:00+05:30,81.30000305175781,84.4000015258789,80.30000305175781,84.05000305175781,504287,0.0,0.0
217,217.0,217.0,217.0,217.0,217.0,2023-04-11 00:00:00+05:30,85.25,89.0999984741211,85.19999694824219,85.5,319749,0.0,0.0
218,218.0,218.0,218.0,218.0,218.0,2023-04-12 00:00:00+05:30,86.4000015258789,87.9000015258789,86.19999694824219,86.5,348873,0.0,0.0
219,219.0,219.0,219.0,219.0,219.0,2023-04-13 00:00:00+05:30,87.25,89.5,85.94999694824219,87.9000015258789,403815,0.0,0.0
220,220.0,220.0,220.0,220.0,220.0,2023-04-17 00:00:00+05:30,90.9499969482422,90.9499969482422,79.5,80.94999694824219,1245700,0.0,0.0
221,221.0,221.0,221.0,221.0,221.0,2023-04-18 00:00:00+05:30,80.9000015258789,81.75,74.80000305175781,76.9000015258789,239176,0.0,0.0
222,222.0,222.0,222.0,222.0,222.0,2023-04-19 00:00:00+05:30,79.80000305175781,79.94999694824219,77.5,79.05000305175781,89495,0.0,0.0
223,223.0,223.0,223.0,223.0,223.0,2023-04-20 00:00:00+05:30,78.5,80.5999984741211,75.1500015258789,76.9000015258789,483884,0.0,0.0
224,224.0,224.0,224.0,224.0,224.0,2023-04-21 00:00:00+05:30,77.05000305175781,84.55000305175781,75.30000305175781,81.30000305175781,1076021,0.0,0.0
225,225.0,225.0,225.0,225.0,225.0,2023-04-24 00:00:00+05:30,80.0,82.80000305175781,78.0999984741211,81.3499984741211,733275,0.0,0.0
226,226.0,226.0,226.0,226.0,226.0,2023-04-25 00:00:00+05:30,83.0,83.19999694824219,79.30000305175781,81.5999984741211,333454,0.0,0.0
227,227.0,227.0,227.0,227.0,227.0,2023-04-26 00:00:00+05:30,80.4000015258789,82.0,79.30000305175781,80.6500015258789,125699,0.0,0.0
228,228.0,228.0,228.0,228.0,228.0,2023-04-27 00:00:00+05:30,80.0,85.19999694824219,79.75,83.25,577279,0.0,0.0
229,229.0,229.0,229.0,229.0,229.0,2023-04-28 00:00:00+05:30,83.69999694824219,85.19999694824219,82.0999984741211,83.75,69244,0.0,0.0
230,230.0,230.0,230.0,230.0,230.0,2023-05-02 00:00:00+05:30,81.4000015258789,88.0999984741211,81.4000015258789,85.44999694824219,301236,0.0,0.0
231,231.0,231.0,231.0,231.0,231.0,2023-05-03 00:00:00+05:30,83.0999984741211,85.80000305175781,82.0,82.30000305175781,44895,0.0,0.0
232,232.0,232.0,232.0,232.0,232.0,2023-05-04 00:00:00+05:30,83.30000305175781,83.69999694824219,79.6500015258789,81.4000015258789,284124,0.0,0.0
233,233.0,233.0,233.0,233.0,233.0,2023-05-05 00:00:00+05:30,82.5999984741211,86.5,80.0999984741211,85.94999694824219,369756,0.0,0.0
234,234.0,234.0,234.0,234.0,234.0,2023-05-08 00:00:00+05:30,86.80000305175781,88.4000015258789,84.0,85.94999694824219,376052,0.0,0.0
235,235.0,235.0,235.0,235.0,235.0,2023-05-09 00:00:00+05:30,86.4000015258789,87.94999694824219,84.30000305175781,85.05000305175781,357692,0.0,0.0
236,236.0,236.0,236.0,236.0,236.0,2023-05-10 00:00:00+05:30,84.4000015258789,84.5999984741211,83.0999984741211,83.55000305175781,254472,0.0,0.0
237,237.0,237.0,237.0,237.0,237.0,2023-05-11 00:00:00+05:30,84.1500015258789,85.44999694824219,80.19999694824219,82.55000305175781,58704,0.0,0.0
238,238.0,238.0,238.0,238.0,238.0,2023-05-12 00:00:00+05:30,81.05000305175781,84.55000305175781,80.6500015258789,81.3499984741211,256223,0.0,0.0
239,239.0,239.0,239.0,239.0,239.0,2023-05-15 00:00:00+05:30,86.5,86.5,79.75,83.44999694824219,367477,0.0,0.0
240,240.0,240.0,240.0,240.0,240.0,2023-05-16 00:00:00+05:30,86.0,89.5,83.0999984741211,85.30000305175781,775670,0.0,0.0
241,241.0,241.0,241.0,241.0,241.0,2023-05-17 00:00:00+05:30,87.0,87.5,84.55000305175781,86.44999694824219,292555,0.0,0.0
242,242.0,242.0,242.0,242.0,242.0,2023-05-18 00:00:00+05:30,87.19999694824219,88.0999984741211,83.30000305175781,83.94999694824219,83382,0.0,0.0
243,243.0,243.0,243.0,243.0,243.0,2023-05-19 00:00:00+05:30,85.4000015258789,85.4000015258789,82.0999984741211,82.9000015258789,89528,0.0,0.0
244,244.0,244.0,244.0,244.0,244.0,2023-05-22 00:00:00+05:30,85.9000015258789,85.94999694824219,82.05000305175781,84.0,1204244,0.0,0.0
245,245.0,245.0,245.0,245.0,245.0,2023-05-23 00:00:00+05:30,85.25,85.5,82.4000015258789,85.19999694824219,444141,0.0,0.0
246,246.0,246.0,246.0,246.0,246.0,2023-05-24 00:00:00+05:30,85.25,87.44999694824219,84.44999694824219,86.25,566125,0.0,0.0
247,247.0,247.0,247.0,247.0,247.0,2023-05-25 00:00:00+05:30,88.80000305175781,88.80000305175781,85.5,87.44999694824219,492356,0.0,0.0
248,248.0,248.0,248.0,248.0,248.0,2023-05-26 00:00:00+05:30,87.55000305175781,92.0,87.55000305175781,91.5500030517578,958459,0.0,0.0
249,249.0,249.0,249.0,249.0,249.0,2023-05-29 00:00:00+05:30,94.0,95.5,91.1500015258789,94.25,714421,0.0,0.0
250,250.0,250.0,250.0,250.0,250.0,2023-05-30 00:00:00+05:30,95.75,97.6999969482422,93.0,96.6999969482422,1056553,0.0,0.0
251,251.0,251.0,251.0,251.0,251.0,2023-05-31 00:00:00+05:30,97.5999984741211,100.6999969482422,87.0999984741211,89.05000305175781,248713,0.0,0.0
252,252.0,252.0,252.0,252.0,252.0,2023-06-01 00:00:00+05:30,89.0,89.5999984741211,85.19999694824219,86.94999694824219,393900,0.0,0.0
253,253.0,253.0,253.0,253.0,253.0,2023-06-02 00:00:00+05:30,86.94999694824219,87.80000305175781,84.0,86.0,43365,0.0,0.0
254,254.0,254.0,254.0,254.0,254.0,2023-06-05 00:00:00+05:30,87.9000015258789,87.9000015258789,84.0999984741211,85.5999984741211,175213,0.0,0.0
255,255.0,255.0,255.0,255.0,255.0,2023-06-06 00:00:00+05:30,85.5999984741211,86.4000015258789,80.55000305175781,83.0999984741211,194920,0.0,0.0
256,256.0,256.0,256.0,256.0,256.0,2023-06-07 00:00:00+05:30,84.30000305175781,85.9000015258789,82.4000015258789,83.5,116629,0.0,0.0
257,257.0,257.0,257.0,257.0,257.0,2023-06-08 00:00:00+05:30,84.5999984741211,85.4000015258789,81.94999694824219,83.69999694824219,41875,0.0,0.0
258,258.0,258.0,258.0,258.0,258.0,2023-06-09 00:00:00+05:30,83.69999694824219,84.80000305175781,82.0999984741211,82.94999694824219,688881,0.0,0.0
259,259.0,259.0,259.0,259.0,259.0,2023-06-12 00:00:00+05:30,84.0,85.94999694824219,82.55000305175781,83.5999984741211,146464,0.0,0.0
260,260.0,260.0,260.0,260.0,260.0,2023-06-13 00:00:00+05:30,83.80000305175781,84.0,81.55000305175781,82.9000015258789,42222,0.0,0.0
261,261.0,261.0,261.0,261.0,261.0,2023-06-14 00:00:00+05:30,83.4000015258789,87.0,82.0,85.94999694824219,843530,0.0,0.0
262,262.0,262.0,262.0,262.0,262.0,2023-06-15 00:00:00+05:30,85.9000015258789,90.5,83.6500015258789,88.9000015258789,1127897,0.0,0.0
263,263.0,263.0,263.0,263.0,263.0,2023-06-16 00:00:00+05:30,88.19999694824219,90.0,86.5,89.05000305175781,1179107,0.0,0.0
264,264.0,264.0,264.0,264.0,264.0,2023-06-19 00:00:00+05:30,86.30000305175781,87.94999694824219,80.1500015258789,80.75,1054151,0.0,0.0
265,265.0,265.0,265.0,265.0,265.0,2023-06-20 00:00:00+05:30,81.69999694824219,85.0,81.5,83.80000305175781,652080,0.0,0.0
266,266.0,266.0,266.0,266.0,266.0,2023-06-21 00:00:00+05:30,84.0,84.0,75.44999694824219,75.44999694824219,1254911,0.0,0.0
267,267.0,267.0,267.0,267.0,267.0,2023-06-22 00:00:00+05:30,70.44999694824219,70.44999694824219,67.9000015258789,67.9000015258789,456890,0.0,0.0
268,268.0,268.0,268.0,268.0,268.0,2023-06-23 00:00:00+05:30,65.19999694824219,67.4000015258789,64.55000305175781,64.94999694824219,3078026,0.0,0.0
269,269.0,269.0,269.0,269.0,269.0,2023-06-26 00:00:00+05:30,65.0,68.1500015258789,65.0,68.0,766371,0.0,0.0
270,270.0,270.0,270.0,270.0,270.0,2023-06-27 00:00:00+05:30,68.0999984741211,71.4000015258789,66.6500015258789,70.94999694824219,1270468,0.0,0.0
271,271.0,271.0,271.0,271.0,271.0,2023-06-28 00:00:00+05:30,72.0,74.44999694824219,72.0,74.30000305175781,372987,0.0,0.0
272,272.0,272.0,272.0,272.0,272.0,2023-06-30 00:00:00+05:30,75.44999694824219,77.5,74.0,76.69999694824219,374797,0.0,0.0
273,273.0,273.0,273.0,273.0,273.0,2023-07-03 00:00:00+05:30,78.5,78.5,73.0999984741211,75.80000305175781,406593,0.0,0.0
274,274.0,274.0,274.0,274.0,274.0,2023-07-04 00:00:00+05:30,76.4000015258789,76.8499984741211,73.80000305175781,74.9000015258789,290468,0.0,0.0
275,275.0,275.0,275.0,275.0,275.0,2023-07-05 00:00:00+05:30,74.19999694824219,75.0,71.25,73.44999694824219,451466,0.0,0.0
276,276.0,276.0,276.0,276.0,276.0,2023-07-06 00:00:00+05:30,74.4000015258789,74.4000015258789,71.25,71.55000305175781,54798,0.0,0.0
277,277.0,277.0,277.0,277.0,277.0,2023-07-07 00:00:00+05:30,73.0,75.0,68.0,73.6500015258789,333459,0.0,0.0
278,278.0,278.0,278.0,278.0,278.0,2023-07-10 00:00:00+05:30,72.0,73.5,71.0,71.5999984741211,42389,0.0,0.0
279,279.0,279.0,279.0,279.0,279.0,2023-07-11 00:00:00+05:30,71.5999984741211,72.80000305175781,70.55000305175781,71.4000015258789,386866,0.0,0.0
280,280.0,280.0,280.0,280.0,280.0,2023-07-12 00:00:00+05:30,71.0999984741211,74.94999694824219,69.4000015258789,74.44999694824219,498709,0.0,0.0
281,281.0,281.0,281.0,281.0,281.0,2023-07-13 00:00:00+05:30,76.0,76.0,73.19999694824219,74.8499984741211,167826,0.0,0.0
282,282.0,282.0,282.0,282.0,282.0,2023-07-14 00:00:00+05:30,74.0999984741211,75.0,73.4000015258789,74.5,158567,0.0,0.0
283,283.0,283.0,283.0,283.0,283.0,2023-07-17 00:00:00+05:30,74.5,77.05000305175781,73.69999694824219,76.5999984741211,342374,0.0,0.0
284,284.0,284.0,284.0,284.0,284.0,2023-07-18 00:00:00+05:30,74.0999984741211,77.5999984741211,74.0999984741211,76.9000015258789,240494,0.0,0.0
285,285.0,285.0,285.0,285.0,285.0,2023-07-19 00:00:00+05:30,76.9000015258789,80.69999694824219,75.25,79.5999984741211,475340,0.0,0.0
286,286.0,286.0,286.0,286.0,286.0,2023-07-20 00:00:00+05:30,80.94999694824219,81.80000305175781,79.0999984741211,80.75,161029,0.0,0.0
287,287.0,287.0,287.0,287.0,287.0,2023-07-21 00:00:00+05:30,82.4000015258789,82.4000015258789,77.55000305175781,80.25,51300,0.0,0.0
288,288.0,288.0,288.0,288.0,288.0,2023-07-24 00:00:00+05:30,80.25,82.0,79.1500015258789,80.4000015258789,35307,0.0,0.0
289,289.0,289.0,289.0,289.0,289.0,2023-07-25 00:00:00+05:30,81.0,81.19999694824219,76.4000015258789,80.44999694824219,320609,0.0,0.0
290,290.0,290.0,290.0,290.0,290.0,2023-07-26 00:00:00+05:30,80.94999694824219,80.94999694824219,77.80000305175781,78.6500015258789,149440,0.0,0.0
291,291.0,291.0,291.0,291.0,291.0,2023-07-27 00:00:00+05:30,81.0,81.0,77.8499984741211,79.44999694824219,214912,0.0,0.0
292,292.0,292.0,292.0,292.0,292.0,2023-07-28 00:00:00+05:30,80.30000305175781,80.9000015258789,79.0,80.0,314548,0.0,0.0
293,293.0,293.0,293.0,293.0,293.0,2023-07-31 00:00:00+05:30,81.0,81.5999984741211,78.5,79.75,328047,0.0,0.0
294,294.0,294.0,294.0,294.0,294.0,2023-08-01 00:00:00+05:30,79.55000305175781,80.9000015258789,78.5,78.8499984741211,180324,0.0,0.0
295,295.0,295.0,295.0,295.0,295.0,2023-08-02 00:00:00+05:30,78.8499984741211,80.0999984741211,77.5999984741211,79.55000305175781,749699,0.0,0.0
296,296.0,296.0,296.0,296.0,296.0,2023-08-03 00:00:00+05:30,79.55000305175781,79.55000305175781,78.0999984741211,79.05000305175781,130823,0.0,0.0
297,297.0,297.0,297.0,297.0,297.0,2023-08-04 00:00:00+05:30,81.30000305175781,81.30000305175781,78.4000015258789,79.94999694824219,135779,0.0,0.0
298,298.0,298.0,298.0,298.0,298.0,2023-08-07 00:00:00+05:30,79.05000305175781,80.8499984741211,77.0,79.0999984741211,921924,0.0,0.0
299,299.0,299.0,299.0,299.0,299.0,2023-08-08 00:00:00+05:30,79.9000015258789,79.9000015258789,78.19999694824219,79.0,159685,0.0,0.0
300,300.0,300.0,300.0,300.0,300.0,2023-08-09 00:00:00+05:30,80.5,80.5,78.1500015258789,78.75,200981,0.0,0.0
301,301.0,301.0,301.0,301.0,301.0,2023-08-10 00:00:00+05:30,79.9000015258789,80.0,75.19999694824219,78.25,305128,0.0,0.0
302,302.0,302.0,302.0,302.0,302.0,2023-08-11 00:00:00+05:30,79.94999694824219,79.94999694824219,77.19999694824219,78.0,669034,0.0,0.0
303,303.0,303.0,303.0,303.0,303.0,2023-08-14 00:00:00+05:30,79.5,79.5,76.19999694824219,77.8499984741211,36706,0.0,0.0
304,304.0,304.0,304.0,304.0,304.0,2023-08-16 00:00:00+05:30,78.8499984741211,80.5,77.25,79.5999984741211,202345,0.0,0.0
305,305.0,305.0,305.0,305.0,305.0,2023-08-17 00:00:00+05:30,80.80000305175781,82.0,79.3499984741211,80.8499984741211,158419,0.0,0.0
306,306.0,306.0,306.0,306.0,306.0,2023-08-18 00:00:00+05:30,80.8499984741211,83.0,80.0,82.19999694824219,576666,0.0,0.0
307,307.0,307.0,307.0,307.0,307.0,2023-08-21 00:00:00+05:30,82.19999694824219,83.55000305175781,80.0,80.9000015258789,330644,0.0,0.0
308,308.0,308.0,308.0,308.0,308.0,2023-08-22 00:00:00+05:30,80.9000015258789,81.9000015258789,78.9000015258789,80.75,325417,0.0,0.0
309,309.0,309.0,309.0,309.0,309.0,2023-08-23 00:00:00+05:30,81.80000305175781,81.80000305175781,79.6500015258789,81.19999694824219,98149,0.0,0.0
310,310.0,310.0,310.0,310.0,310.0,2023-08-24 00:00:00+05:30,82.0,82.0,77.9000015258789,79.75,199201,0.0,0.0
311,311.0,311.0,311.0,311.0,311.0,2023-08-25 00:00:00+05:30,79.94999694824219,81.80000305175781,78.0,80.55000305175781,330315,0.0,0.0
312,312.0,312.0,312.0,312.0,312.0,2023-08-28 00:00:00+05:30,80.55000305175781,80.9000015258789,79.3499984741211,79.94999694824219,351950,0.0,0.0
313,313.0,313.0,313.0,313.0,313.0,2023-08-29 00:00:00+05:30,79.94999694824219,80.4000015258789,79.19999694824219,79.5,252397,0.0,0.0
314,314.0,314.0,314.0,314.0,314.0,2023-08-30 00:00:00+05:30,80.80000305175781,80.80000305175781,78.25,79.4000015258789,311678,0.0,0.0
315,315.0,315.0,315.0,315.0,315.0,2023-08-31 00:00:00+05:30,79.0,80.05000305175781,78.69999694824219,79.55000305175781,295679,0.0,0.0
316,316.0,316.0,316.0,316.0,316.0,2023-09-01 00:00:00+05:30,80.4000015258789,80.4000015258789,77.75,78.4000015258789,286585,0.0,0.0
317,317.0,317.0,317.0,317.0,317.0,2023-09-04 00:00:00+05:30,79.80000305175781,79.8499984741211,76.55000305175781,78.30000305175781,983575,0.0,0.0
318,318.0,318.0,318.0,318.0,318.0,2023-09-05 00:00:00+05:30,79.5999984741211,80.0,76.55000305175781,77.4000015258789,620211,0.0,0.0
319,319.0,319.0,319.0,319.0,319.0,2023-09-06 00:00:00+05:30,75.9000015258789,78.0,74.69999694824219,75.1500015258789,500664,0.0,0.0
320,320.0,320.0,320.0,320.0,320.0,2023-09-07 00:00:00+05:30,74.94999694824219,75.55000305175781,72.0,73.05000305175781,1132112,0.0,0.0
321,321.0,321.0,321.0,321.0,321.0,2023-09-08 00:00:00+05:30,73.0,73.5,72.5999984741211,73.25,228890,0.0,0.0
322,322.0,322.0,322.0,322.0,322.0,2023-09-11 00:00:00+05:30,73.25,75.8499984741211,72.0999984741211,73.80000305175781,172603,0.0,0.0
323,323.0,323.0,323.0,323.0,323.0,2023-09-12 00:00:00+05:30,73.8499984741211,75.0,71.0,74.9000015258789,344164,0.0,0.0
324,324.0,324.0,324.0,324.0,324.0,2023-09-13 00:00:00+05:30,74.9000015258789,75.30000305175781,72.05000305175781,72.25,234190,0.0,0.0
325,325.0,325.0,325.0,325.0,325.0,2023-09-14 00:00:00+05:30,73.5,74.30000305175781,69.75,69.80000305175781,469921,0.0,0.0
326,326.0,326.0,326.0,326.0,326.0,2023-09-15 00:00:00+05:30,70.19999694824219,71.0,68.5,69.75,140400,0.0,0.0
327,327.0,327.0,327.0,327.0,327.0,2023-09-18 00:00:00+05:30,69.75,72.0,69.0999984741211,70.0999984741211,395485,0.0,0.0
328,328.0,328.0,328.0,328.0,328.0,2023-09-20 00:00:00+05:30,71.4000015258789,71.69999694824219,69.75,70.80000305175781,873366,0.0,0.0
329,329.0,329.0,329.0,329.0,329.0,2023-09-21 00:00:00+05:30,69.30000305175781,71.1500015258789,69.30000305175781,70.69999694824219,362213,0.0,0.0
330,330.0,330.0,330.0,330.0,330.0,2023-09-22 00:00:00+05:30,71.75,71.75,69.0,70.25,329505,0.0,0.0
331,331.0,331.0,331.0,331.0,331.0,2023-09-25 00:00:00+05:30,70.30000305175781,71.4000015258789,69.6500015258789,70.0999984741211,474846,0.0,0.0
332,332.0,332.0,332.0,332.0,332.0,2023-09-26 00:00:00+05:30,70.25,72.0999984741211,69.8499984741211,71.69999694824219,275297,0.0,0.0
333,333.0,333.0,333.0,333.0,333.0,2023-09-27 00:00:00+05:30,73.0,73.0,70.0999984741211,71.1500015258789,493030,0.0,0.0
334,334.0,334.0,334.0,334.0,334.0,2023-09-28 00:00:00+05:30,70.25,72.30000305175781,70.25,71.6500015258789,183978,0.0,0.0
335,335.0,335.0,335.0,335.0,335.0,2023-09-29 00:00:00+05:30,72.5,73.25,69.9000015258789,70.25,173008,0.0,0.0
336,336.0,336.0,336.0,336.0,336.0,2023-10-03 00:00:00+05:30,70.9000015258789,71.05000305175781,69.05000305175781,70.25,109008,0.0,0.0
337,337.0,337.0,337.0,337.0,337.0,2023-10-04 00:00:00+05:30,68.6500015258789,71.0,68.6500015258789,70.55000305175781,356381,0.0,0.0
338,338.0,338.0,338.0,338.0,338.0,2023-10-05 00:00:00+05:30,70.9000015258789,71.0,69.94999694824219,70.6500015258789,263373,0.0,0.0
339,339.0,339.0,339.0,339.0,339.0,2023-10-06 00:00:00+05:30,71.19999694824219,72.5,70.0999984741211,71.9000015258789,347902,0.0,0.0
340,340.0,340.0,340.0,340.0,340.0,2023-10-09 00:00:00+05:30,71.9000015258789,72.5999984741211,70.3499984741211,71.4000015258789,247624,0.0,0.0
341,341.0,341.0,341.0,341.0,341.0,2023-10-10 00:00:00+05:30,71.05000305175781,71.8499984741211,70.4000015258789,71.1500015258789,168747,0.0,0.0
342,342.0,342.0,342.0,342.0,342.0,2023-10-11 00:00:00+05:30,71.1500015258789,71.80000305175781,70.6500015258789,71.19999694824219,119206,0.0,0.0
343,343.0,343.0,343.0,343.0,343.0,2023-10-12 00:00:00+05:30,72.0,72.0,70.5,71.0,225415,0.0,0.0
344,344.0,344.0,344.0,344.0,344.0,2023-10-13 00:00:00+05:30,71.0,71.9000015258789,69.5999984741211,70.94999694824219,261008,0.0,0.0
345,345.0,345.0,345.0,345.0,345.0,2023-10-16 00:00:00+05:30,71.1500015258789,71.80000305175781,70.05000305175781,70.9000015258789,140750,0.0,0.0
346,346.0,346.0,346.0,346.0,346.0,2023-10-17 00:00:00+05:30,71.1500015258789,71.75,70.0999984741211,71.25,222795,0.0,0.0
347,347.0,347.0,347.0,347.0,347.0,2023-10-18 00:00:00+05:30,71.25,71.69999694824219,69.75,70.75,137461,0.0,0.0
348,348.0,348.0,348.0,348.0,348.0,2023-10-19 00:00:00+05:30,71.25,73.25,69.9000015258789,72.94999694824219,166811,0.0,0.0
349,349.0,349.0,349.0,349.0,349.0,2023-10-20 00:00:00+05:30,73.19999694824219,76.55000305175781,70.0999984741211,72.94999694824219,510620,0.0,0.0
350,350.0,350.0,350.0,350.0,350.0,2023-10-23 00:00:00+05:30,72.44999694824219,76.25,71.0,75.80000305175781,264209,0.0,0.0
351,351.0,351.0,351.0,351.0,351.0,2023-10-25 00:00:00+05:30,76.25,77.9000015258789,73.0,73.6500015258789,176228,0.0,0.0
352,352.0,352.0,352.0,352.0,352.0,2023-10-26 00:00:00+05:30,72.4000015258789,73.44999694824219,70.5,72.0999984741211,409232,0.0,0.0
353,353.0,353.0,353.0,353.0,353.0,2023-10-27 00:00:00+05:30,71.5,73.19999694824219,70.9000015258789,72.5999984741211,168905,0.0,0.0
354,354.0,354.0,354.0,354.0,354.0,2023-10-30 00:00:00+05:30,72.5999984741211,72.8499984741211,69.80000305175781,71.0,593548,0.0,0.0
355,355.0,355.0,355.0,355.0,355.0,2023-10-31 00:00:00+05:30,71.4000015258789,74.55000305175781,71.0,74.5,262278,0.0,0.0
356,356.0,356.0,356.0,356.0,356.0,2023-11-01 00:00:00+05:30,73.80000305175781,77.5,72.19999694824219,75.94999694824219,298629,0.0,0.0
357,357.0,357.0,357.0,357.0,357.0,2023-11-02 00:00:00+05:30,78.0,78.0,74.80000305175781,75.75,141641,0.0,0.0
358,358.0,358.0,358.0,358.0,358.0,2023-11-03 00:00:00+05:30,74.25,76.1500015258789,74.0,75.5999984741211,247033,0.0,0.0
359,359.0,359.0,359.0,359.0,359.0,2023-11-06 00:00:00+05:30,76.5,76.5,73.4000015258789,74.1500015258789,558561,0.0,0.0
360,360.0,360.0,360.0,360.0,360.0,2023-11-07 00:00:00+05:30,74.75,75.4000015258789,73.8499984741211,75.0,259573,0.0,0.0
361,361.0,361.0,361.0,361.0,361.0,2023-11-08 00:00:00+05:30,75.25,77.0,73.80000305175781,76.4000015258789,212215,0.0,0.0
362,362.0,362.0,362.0,362.0,362.0,2023-11-09 00:00:00+05:30,76.4000015258789,77.69999694824219,74.0999984741211,76.80000305175781,209744,0.0,0.0
363,363.0,363.0,363.0,363.0,363.0,2023-11-10 00:00:00+05:30,74.19999694824219,77.9000015258789,74.19999694824219,77.3499984741211,213860,0.0,0.0
364,364.0,364.0,364.0,364.0,364.0,2023-11-13 00:00:00+05:30,80.0,82.5,79.25,79.5999984741211,226468,0.0,0.0
365,365.0,365.0,365.0,365.0,365.0,2023-11-15 00:00:00+05:30,80.0,81.5,78.44999694824219,78.75,163080,0.0,0.0
366,366.0,366.0,366.0,366.0,366.0,2023-11-16 00:00:00+05:30,77.55000305175781,78.94999694824219,77.5,77.9000015258789,164019,0.0,0.0
367,367.0,367.0,367.0,367.0,367.0,2023-11-17 00:00:00+05:30,77.9000015258789,78.5999984741211,76.9000015258789,77.0999984741211,120351,0.0,0.0
368,368.0,368.0,368.0,368.0,368.0,2023-11-20 00:00:00+05:30,77.0999984741211,77.8499984741211,75.3499984741211,76.94999694824219,267722,0.0,0.0
369,369.0,369.0,369.0,369.0,369.0,2023-11-21 00:00:00+05:30,77.19999694824219,78.30000305175781,76.4000015258789,77.94999694824219,207663,0.0,0.0
370,370.0,370.0,370.0,370.0,370.0,2023-11-22 00:00:00+05:30,77.19999694824219,80.5,76.75,79.75,187120,0.0,0.0
371,371.0,371.0,371.0,371.0,371.0,2023-11-23 00:00:00+05:30,81.4000015258789,81.4000015258789,77.3499984741211,79.05000305175781,178810,0.0,0.0
372,372.0,372.0,372.0,372.0,372.0,2023-11-24 00:00:00+05:30,79.0999984741211,79.0999984741211,77.5,78.30000305175781,125393,0.0,0.0
373,373.0,373.0,373.0,373.0,373.0,2023-11-28 00:00:00+05:30,77.4000015258789,78.94999694824219,76.5,78.05000305175781,327365,0.0,0.0
374,374.0,374.0,374.0,374.0,374.0,2023-11-29 00:00:00+05:30,78.5999984741211,79.94999694824219,77.4000015258789,78.80000305175781,274685,0.0,0.0
375,375.0,375.0,375.0,375.0,375.0,2023-11-30 00:00:00+05:30,78.19999694824219,79.75,76.55000305175781,78.0,500490,0.0,0.0
376,376.0,376.0,376.0,376.0,376.0,2023-12-01 00:00:00+05:30,78.9000015258789,78.9000015258789,77.05000305175781,78.3499984741211,235706,0.0,0.0
377,377.0,377.0,377.0,377.0,377.0,2023-12-04 00:00:00+05:30,77.4000015258789,79.3499984741211,77.4000015258789,78.5999984741211,203053,0.0,0.0
378,378.0,378.0,378.0,378.0,378.0,2023-12-05 00:00:00+05:30,78.80000305175781,78.80000305175781,74.69999694824219,78.30000305175781,332084,0.0,0.0
379,379.0,379.0,379.0,379.0,379.0,2023-12-06 00:00:00+05:30,78.0,79.5,76.75,78.69999694824219,193836,0.0,0.0
380,380.0,380.0,380.0,380.0,380.0,2023-12-07 00:00:00+05:30,77.30000305175781,80.44999694824219,77.0,80.0,368743,0.0,0.0
381,381.0,381.0,381.0,381.0,381.0,2023-12-08 00:00:00+05:30,80.0,87.5999984741211,79.9000015258789,86.9000015258789,952299,0.0,0.0
382,382.0,382.0,382.0,382.0,382.0,2023-12-11 00:00:00+05:30,90.0,90.0,84.3499984741211,85.3499984741211,719032,0.0,0.0
383,383.0,383.0,383.0,383.0,383.0,2023-12-12 00:00:00+05:30,86.5,86.9000015258789,83.0999984741211,84.44999694824219,557290,0.0,0.0
384,384.0,384.0,384.0,384.0,384.0,2023-12-13 00:00:00+05:30,84.69999694824219,85.80000305175781,84.19999694824219,84.75,354215,0.0,0.0
385,385.0,385.0,385.0,385.0,385.0,2023-12-14 00:00:00+05:30,85.05000305175781,86.30000305175781,84.05000305175781,85.80000305175781,260782,0.0,0.0
386,386.0,386.0,386.0,386.0,386.0,2023-12-15 00:00:00+05:30,92.9499969482422,92.9499969482422,86.0,88.69999694824219,1056624,0.0,0.0
387,387.0,387.0,387.0,387.0,387.0,2023-12-18 00:00:00+05:30,89.0,92.9000015258789,88.80000305175781,90.5500030517578,831850,0.0,0.0
388,388.0,388.0,388.0,388.0,388.0,2023-12-19 00:00:00+05:30,90.5500030517578,92.9000015258789,86.80000305175781,87.44999694824219,513245,0.0,0.0
389,389.0,389.0,389.0,389.0,389.0,2023-12-20 00:00:00+05:30,87.44999694824219,88.25,85.80000305175781,86.25,385028,0.0,0.0
390,390.0,390.0,390.0,390.0,390.0,2023-12-21 00:00:00+05:30,84.0,87.44999694824219,81.80000305175781,86.9000015258789,309283,0.0,0.0
391,391.0,391.0,391.0,391.0,391.0,2023-12-22 00:00:00+05:30,85.05000305175781,89.3499984741211,85.05000305175781,88.19999694824219,559790,0.0,0.0
392,392.0,392.0,392.0,392.0,392.0,2023-12-26 00:00:00+05:30,89.44999694824219,91.0,85.0,86.0,424741,0.0,0.0
393,393.0,393.0,393.0,393.0,393.0,2023-12-27 00:00:00+05:30,86.0999984741211,87.5,84.75,85.3499984741211,222434,0.0,0.0
394,394.0,394.0,394.0,394.0,394.0,2023-12-28 00:00:00+05:30,86.0,86.5,83.0999984741211,83.94999694824219,361568,0.0,0.0
395,395.0,395.0,395.0,395.0,395.0,2023-12-29 00:00:00+05:30,83.69999694824219,84.0,81.5,83.80000305175781,340225,0.0,0.0
396,396.0,396.0,396.0,396.0,396.0,2024-01-01 00:00:00+05:30,83.0,85.6500015258789,82.25,83.6500015258789,251276,0.0,0.0
397,397.0,397.0,397.0,397.0,397.0,2024-01-02 00:00:00+05:30,83.30000305175781,85.19999694824219,82.19999694824219,84.0999984741211,169215,0.0,0.0
398,398.0,398.0,398.0,398.0,398.0,2024-01-03 00:00:00+05:30,84.5,85.5999984741211,83.19999694824219,85.25,182896,0.0,0.0
399,399.0,399.0,399.0,399.0,399.0,2024-01-04 00:00:00+05:30,85.0,86.55000305175781,83.5,84.25,503783,0.0,0.0
400,400.0,400.0,400.0,400.0,400.0,2024-01-05 00:00:00+05:30,84.0,86.69999694824219,83.4000015258789,86.30000305175781,509779,0.0,0.0
401,401.0,401.0,401.0,401.0,401.0,2024-01-08 00:00:00+05:30,88.0,88.05000305175781,83.5999984741211,84.44999694824219,237618,0.0,0.0
402,402.0,402.0,402.0,402.0,402.0,2024-01-09 00:00:00+05:30,85.69999694824219,86.1500015258789,84.1500015258789,85.75,365949,0.0,0.0
403,403.0,403.0,403.0,403.0,403.0,2024-01-10 00:00:00+05:30,84.9000015258789,85.6500015258789,84.0999984741211,84.69999694824219,190066,0.0,0.0
404,404.0,404.0,404.0,404.0,404.0,2024-01-11 00:00:00+05:30,84.75,90.8499984741211,84.0,89.9000015258789,1252426,0.0,0.0
405,405.0,405.0,405.0,405.0,405.0,2024-01-12 00:00:00+05:30,91.0,91.4499969482422,84.6500015258789,87.25,1484702,0.0,0.0
406,406.0,406.0,406.0,406.0,406.0,2024-01-15 00:00:00+05:30,87.25,87.25,87.25,87.25,0,0.0,0.0
407,407.0,407.0,407.0,407.0,407.0,2024-01-16 00:00:00+05:30,86.69999694824219,88.25,84.1500015258789,87.69999694824219,563877,0.0,0.0
408,408.0,408.0,408.0,408.0,408.0,2024-01-17 00:00:00+05:30,86.4000015258789,87.30000305175781,83.5,85.05000305175781,640640,0.0,0.0
409,409.0,409.0,409.0,409.0,409.0,2024-01-18 00:00:00+05:30,85.25,85.75,83.0,84.8499984741211,620176,0.0,0.0
410,410.0,410.0,410.0,410.0,410.0,2024-01-19 00:00:00+05:30,85.55000305175781,88.0,83.55000305175781,87.30000305175781,248588,0.0,0.0
411,411.0,411.0,411.0,411.0,411.0,2024-01-23 00:00:00+05:30,88.1500015258789,91.5999984741211,83.80000305175781,90.6500015258789,692209,0.0,0.0
412,412.0,412.0,412.0,412.0,412.0,2024-01-24 00:00:00+05:30,91.8000030517578,92.0,88.0,88.8499984741211,325009,0.0,0.0
413,413.0,413.0,413.0,413.0,413.0,2024-01-25 00:00:00+05:30,88.8499984741211,91.8000030517578,86.5999984741211,87.6500015258789,359064,0.0,0.0
414,414.0,414.0,414.0,414.0,414.0,2024-01-29 00:00:00+05:30,91.0,91.0,86.30000305175781,86.80000305175781,309769,0.0,0.0
415,415.0,415.0,415.0,415.0,415.0,2024-01-30 00:00:00+05:30,87.94999694824219,87.94999694824219,83.0,84.1500015258789,462851,0.0,0.0
416,416.0,416.0,416.0,416.0,416.0,2024-01-31 00:00:00+05:30,85.4000015258789,85.4000015258789,79.19999694824219,82.44999694824219,419907,0.0,0.0
417,417.0,417.0,417.0,417.0,417.0,2024-02-01 00:00:00+05:30,82.5,83.80000305175781,80.30000305175781,83.55000305175781,331290,0.0,0.0
418,418.0,418.0,418.0,418.0,418.0,2024-02-02 00:00:00+05:30,84.80000305175781,84.80000305175781,80.0,83.0999984741211,755168,0.0,0.0
419,419.0,419.0,419.0,419.0,419.0,2024-02-05 00:00:00+05:30,83.30000305175781,85.0,79.0,83.30000305175781,743041,0.0,0.0
420,420.0,420.0,420.0,420.0,420.0,2024-02-06 00:00:00+05:30,83.75,85.0,80.30000305175781,83.25,1249590,0.0,0.0
421,421.0,421.0,421.0,421.0,421.0,2024-02-07 00:00:00+05:30,83.69999694824219,84.25,81.5999984741211,83.69999694824219,459248,0.0,0.0
422,422.0,422.0,422.0,422.0,422.0,2024-02-08 00:00:00+05:30,85.0,85.0,81.4000015258789,83.9000015258789,423232,0.0,0.0
423,423.0,423.0,423.0,423.0,423.0,2024-02-09 00:00:00+05:30,83.9000015258789,86.69999694824219,82.80000305175781,83.55000305175781,446021,0.0,0.0
424,424.0,424.0,424.0,424.0,424.0,2024-02-12 00:00:00+05:30,84.0,84.0,77.1500015258789,81.94999694824219,546493,0.0,0.0
425,425.0,425.0,425.0,425.0,425.0,2024-02-13 00:00:00+05:30,81.05000305175781,82.55000305175781,79.3499984741211,82.25,444182,0.0,0.0
426,426.0,426.0,426.0,426.0,426.0,2024-02-14 00:00:00+05:30,82.25,83.80000305175781,79.80000305175781,82.1500015258789,258898,0.0,0.0
427,427.0,427.0,427.0,427.0,427.0,2024-02-15 00:00:00+05:30,82.30000305175781,83.19999694824219,80.5999984741211,82.3499984741211,387438,0.0,0.0
428,428.0,428.0,428.0,428.0,428.0,2024-02-16 00:00:00+05:30,82.4000015258789,82.5999984741211,81.1500015258789,81.9000015258789,458993,0.0,0.0
429,429.0,429.0,429.0,429.0,429.0,2024-02-19 00:00:00+05:30,81.9000015258789,82.5999984741211,81.0999984741211,81.55000305175781,297915,0.0,0.0
430,430.0,430.0,430.0,430.0,430.0,2024-02-20 00:00:00+05:30,81.0999984741211,86.8499984741211,79.4000015258789,86.6500015258789,1337475,0.0,0.0
431,431.0,431.0,431.0,431.0,431.0,2024-02-21 00:00:00+05:30,86.94999694824219,88.05000305175781,86.4000015258789,87.55000305175781,913533,0.0,0.0
432,432.0,432.0,432.0,432.0,432.0,2024-02-22 00:00:00+05:30,87.94999694824219,89.0,87.0,88.19999694824219,673527,0.0,0.0
433,433.0,433.0,433.0,433.0,433.0,2024-02-23 00:00:00+05:30,88.5,88.5999984741211,85.75,87.1500015258789,915190,0.0,0.0
434,434.0,434.0,434.0,434.0,434.0,2024-02-26 00:00:00+05:30,87.5999984741211,90.0,83.80000305175781,88.5,1293270,0.0,0.0
435,435.0,435.0,435.0,435.0,435.0,2024-02-27 00:00:00+05:30,88.94999694824219,88.94999694824219,85.19999694824219,88.0,1430612,0.0,0.0
436,436.0,436.0,436.0,436.0,436.0,2024-02-28 00:00:00+05:30,87.55000305175781,87.94999694824219,84.80000305175781,86.5,1495321,0.0,0.0
437,437.0,437.0,437.0,437.0,437.0,2024-02-29 00:00:00+05:30,86.94999694824219,87.19999694824219,82.94999694824219,86.75,1315909,0.0,0.0
438,438.0,438.0,438.0,438.0,438.0,2024-03-01 00:00:00+05:30,87.19999694824219,88.4000015258789,86.44999694824219,87.75,1966449,0.0,0.0
439,439.0,439.0,439.0,439.0,439.0,2024-03-04 00:00:00+05:30,88.19999694824219,90.0,86.69999694824219,89.0999984741211,2352051,0.0,0.0
440,440.0,440.0,440.0,440.0,440.0,2024-03-05 00:00:00+05:30,88.0,88.55000305175781,84.4000015258789,85.3499984741211,1398107,0.0,0.0
441,441.0,441.0,441.0,441.0,441.0,2024-03-06 00:00:00+05:30,84.9000015258789,85.55000305175781,82.19999694824219,83.94999694824219,1083583,0.0,0.0
442,442.0,442.0,442.0,442.0,442.0,2024-03-07 00:00:00+05:30,84.19999694824219,85.3499984741211,82.0,84.8499984741211,1330166,0.0,0.0
443,443.0,443.0,443.0,443.0,443.0,2024-03-11 00:00:00+05:30,85.80000305175781,85.80000305175781,82.75,84.1500015258789,1088568,0.0,0.0
444,444.0,444.0,444.0,444.0,444.0,2024-03-12 00:00:00+05:30,85.4000015258789,85.4000015258789,83.4000015258789,84.19999694824219,924550,0.0,0.0
445,445.0,445.0,445.0,445.0,445.0,2024-03-13 00:00:00+05:30,83.75,84.4000015258789,77.3499984741211,78.8499984741211,998381,0.0,0.0
446,446.0,446.0,446.0,446.0,446.0,2024-03-14 00:00:00+05:30,78.44999694824219,79.80000305175781,74.5,77.75,1482063,0.0,0.0
447,447.0,447.0,447.0,447.0,447.0,2024-03-15 00:00:00+05:30,77.4000015258789,80.0,76.0,79.6500015258789,1248050,0.0,0.0
448,448.0,448.0,448.0,448.0,448.0,2024-03-18 00:00:00+05:30,79.6500015258789,79.6500015258789,77.0999984741211,77.80000305175781,535604,0.0,0.0
449,449.0,449.0,449.0,449.0,449.0,2024-03-19 00:00:00+05:30,77.80000305175781,80.0,71.19999694824219,73.55000305175781,602631,0.0,0.0
450,450.0,450.0,450.0,450.0,450.0,2024-03-20 00:00:00+05:30,71.0,74.0,70.0,72.1500015258789,1376400,0.0,0.0
451,451.0,451.0,451.0,451.0,451.0,2024-03-21 00:00:00+05:30,72.0,72.0,57.75,57.75,3409419,0.0,0.0
452,452.0,452.0,452.0,452.0,452.0,2024-03-22 00:00:00+05:30,57.45000076293945,59.849998474121094,46.20000076293945,48.75,8247435,0.0,0.0
453,453.0,453.0,453.0,453.0,453.0,2024-03-26 00:00:00+05:30,48.75,49.75,45.20000076293945,46.54999923706055,2865889,0.0,0.0
454,454.0,454.0,454.0,454.0,454.0,2024-03-27 00:00:00+05:30,46.0,51.20000076293945,44.54999923706055,50.29999923706055,3473759,0.0,0.0
455,455.0,455.0,455.0,455.0,455.0,2024-03-28 00:00:00+05:30,50.79999923706055,50.79999923706055,47.79999923706055,48.099998474121094,264343,0.0,0.0
456,456.0,456.0,456.0,456.0,456.0,2024-04-01 00:00:00+05:30,47.20000076293945,50.099998474121094,47.0,49.45000076293945,375907,0.0,0.0
457,457.0,457.0,457.0,457.0,457.0,2024-04-02 00:00:00+05:30,49.20000076293945,49.20000076293945,47.79999923706055,48.20000076293945,286621,0.0,0.0
458,458.0,458.0,458.0,458.0,458.0,2024-04-03 00:00:00+05:30,48.20000076293945,49.0,46.70000076293945,47.29999923706055,191635,0.0,0.0
459,459.0,459.0,459.0,459.0,459.0,2024-04-04 00:00:00+05:30,47.900001525878906,48.349998474121094,47.099998474121094,48.099998474121094,61642,0.0,0.0
460,460.0,460.0,460.0,460.0,460.0,2024-04-05 00:00:00+05:30,48.5,48.5,46.20000076293945,47.54999923706055,470571,0.0,0.0
461,461.0,461.0,461.0,461.0,461.0,2024-04-08 00:00:00+05:30,48.150001525878906,48.5,47.54999923706055,48.0,588589,0.0,0.0
462,462.0,462.0,462.0,462.0,462.0,2024-04-09 00:00:00+05:30,48.5,48.5,47.0,47.95000076293945,131541,0.0,0.0
463,463.0,463.0,463.0,463.0,463.0,2024-04-10 00:00:00+05:30,48.349998474121094,48.349998474121094,46.599998474121094,47.099998474121094,350550,0.0,0.0
464,464.0,464.0,464.0,464.0,464.0,2024-04-12 00:00:00+05:30,47.75,47.95000076293945,45.70000076293945,46.79999923706055,66205,0.0,0.0
465,465.0,465.0,465.0,465.0,465.0,2024-04-15 00:00:00+05:30,47.45000076293945,47.45000076293945,44.5,46.95000076293945,395025,0.0,0.0
466,466.0,466.0,466.0,466.0,466.0,2024-04-16 00:00:00+05:30,46.0,49.0,45.29999923706055,48.400001525878906,466933,0.0,0.0
467,467.0,467.0,467.0,467.0,467.0,2024-04-18 00:00:00+05:30,48.20000076293945,49.099998474121094,46.599998474121094,47.900001525878906,901047,0.0,0.0
468,468.0,468.0,468.0,468.0,468.0,2024-04-19 00:00:00+05:30,47.95000076293945,49.0,46.150001525878906,48.20000076293945,100450,0.0,0.0
469,469.0,469.0,469.0,469.0,469.0,2024-04-22 00:00:00+05:30,48.20000076293945,48.70000076293945,45.79999923706055,48.349998474121094,316130,0.0,0.0
470,470.0,470.0,470.0,470.0,470.0,2024-04-23 00:00:00+05:30,47.0,47.70000076293945,46.5,46.79999923706055,84548,0.0,0.0
471,471.0,471.0,471.0,471.0,471.0,2024-04-24 00:00:00+05:30,46.400001525878906,48.099998474121094,45.79999923706055,47.849998474121094,422445,0.0,0.0
472,472.0,472.0,472.0,472.0,472.0,2024-04-25 00:00:00+05:30,47.79999923706055,47.79999923706055,46.400001525878906,46.75,59522,0.0,0.0
473,473.0,473.0,473.0,473.0,473.0,2024-04-26 00:00:00+05:30,46.75,47.29999923706055,46.0,46.25,80133,0.0,0.0
474,474.0,474.0,474.0,474.0,474.0,2024-04-29 00:00:00+05:30,46.25,46.95000076293945,45.0,45.70000076293945,126766,0.0,0.0
475,475.0,475.0,475.0,475.0,475.0,2024-04-30 00:00:00+05:30,45.70000076293945,46.29999923706055,44.900001525878906,45.400001525878906,69723,0.0,0.0
476,476.0,476.0,476.0,476.0,476.0,2024-05-02 00:00:00+05:30,45.400001525878906,47.20000076293945,44.349998474121094,46.599998474121094,212121,0.0,0.0
477,477.0,477.0,477.0,477.0,477.0,2024-05-03 00:00:00+05:30,46.0,46.900001525878906,45.150001525878906,45.54999923706055,90619,0.0,0.0
478,478.0,478.0,478.0,478.0,478.0,2024-05-06 00:00:00+05:30,46.20000076293945,46.20000076293945,44.45000076293945,44.900001525878906,48489,0.0,0.0
479,479.0,479.0,479.0,479.0,479.0,2024-05-07 00:00:00+05:30,44.0,45.29999923706055,43.099998474121094,43.29999923706055,42492,0.0,0.0
480,480.0,480.0,480.0,480.0,480.0,2024-05-08 00:00:00+05:30,43.150001525878906,44.95000076293945,41.150001525878906,43.5,266545,0.0,0.0
481,481.0,481.0,481.0,481.0,481.0,2024-05-09 00:00:00+05:30,42.79999923706055,42.95000076293945,41.5,41.54999923706055,69774,0.0,0.0
482,482.0,482.0,482.0,482.0,482.0,2024-05-10 00:00:00+05:30,43.599998474121094,43.599998474121094,40.650001525878906,42.70000076293945,183998,0.0,0.0
483,483.0,483.0,483.0,483.0,483.0,2024-05-13 00:00:00+05:30,42.900001525878906,42.900001525878906,40.599998474121094,40.599998474121094,186366,0.0,0.0
484,484.0,484.0,484.0,484.0,484.0,2024-05-14 00:00:00+05:30,39.0,40.0,38.599998474121094,38.599998474121094,182921,0.0,0.0
485,485.0,485.0,485.0,485.0,485.0,2024-05-15 00:00:00+05:30,38.29999923706055,40.5,36.70000076293945,40.25,408399,0.0,0.0
486,486.0,486.0,486.0,486.0,486.0,2024-05-16 00:00:00+05:30,39.900001525878906,41.5,39.0,40.45000076293945,234779,0.0,0.0
487,487.0,487.0,487.0,487.0,487.0,2024-05-17 00:00:00+05:30,40.45000076293945,40.45000076293945,38.54999923706055,39.29999923706055,182041,0.0,0.0
488,488.0,488.0,488.0,488.0,488.0,2024-05-21 00:00:00+05:30,39.400001525878906,39.400001525878906,38.20000076293945,38.400001525878906,58836,0.0,0.0
489,489.0,489.0,489.0,489.0,489.0,2024-05-22 00:00:00+05:30,38.70000076293945,38.79999923706055,38.0,38.20000076293945,65636,0.0,0.0
490,490.0,490.0,490.0,490.0,490.0,2024-05-23 00:00:00+05:30,38.599998474121094,38.79999923706055,37.75,38.04999923706055,47469,0.0,0.0
491,491.0,491.0,491.0,491.0,491.0,2024-05-24 00:00:00+05:30,38.349998474121094,38.599998474121094,37.0,37.20000076293945,131010,0.0,0.0
492,492.0,492.0,492.0,492.0,492.0,2024-05-27 00:00:00+05:30,37.95000076293945,37.95000076293945,36.400001525878906,36.599998474121094,68728,0.0,0.0
493,493.0,493.0,493.0,493.0,493.0,2024-05-28 00:00:00+05:30,37.25,37.70000076293945,36.0,37.29999923706055,58897,0.0,0.0
494,494.0,494.0,494.0,494.0,494.0,2024-05-29 00:00:00+05:30,37.5,37.5,36.70000076293945,37.150001525878906,26657,0.0,0.0
495,495.0,495.0,495.0,495.0,495.0,2024-05-30 00:00:00+05:30,37.400001525878906,37.400001525878906,36.5,36.79999923706055,18138,0.0,0.0
496,496.0,496.0,496.0,496.0,496.0,2024-05-31 00:00:00+05:30,37.349998474121094,38.099998474121094,35.900001525878906,37.0,39570,0.0,0.0
497,497.0,497.0,497.0,497.0,497.0,2024-06-03 00:00:00+05:30,37.95000076293945,38.400001525878906,36.45000076293945,37.099998474121094,56593,0.0,0.0
498,498.0,498.0,498.0,498.0,498.0,2024-06-04 00:00:00+05:30,36.099998474121094,37.29999923706055,35.25,36.099998474121094,97449,0.0,0.0
499,499.0,499.0,499.0,499.0,499.0,2024-06-05 00:00:00+05:30,35.099998474121094,36.5,34.79999923706055,35.650001525878906,67323,0.0,0.0
500,500.0,500.0,500.0,500.0,500.0,2024-06-06 00:00:00+05:30,35.70000076293945,37.25,35.5,36.849998474121094,36538,0.0,0.0
501,501.0,501.0,501.0,501.0,501.0,2024-06-07 00:00:00+05:30,37.900001525878906,38.400001525878906,36.45000076293945,38.0,62566,0.0,0.0
502,502.0,502.0,502.0,502.0,502.0,2024-06-10 00:00:00+05:30,38.79999923706055,39.900001525878906,38.0,39.459999084472656,113504,0.0,0.0
503,503.0,503.0,503.0,503.0,503.0,2024-06-11 00:00:00+05:30,39.5,41.0,39.20000076293945,40.52000045776367,49401,0.0,0.0
504,504.0,504.0,504.0,504.0,504.0,2024-06-12 00:00:00+05:30,41.0,41.0,39.650001525878906,40.0,61239,0.0,0.0
505,505.0,505.0,505.0,505.0,505.0,2024-06-13 00:00:00+05:30,40.0,41.0,39.099998474121094,39.9900016784668,66071,0.0,0.0
506,506.0,506.0,506.0,506.0,506.0,2024-06-14 00:00:00+05:30,39.9900016784668,40.95000076293945,39.619998931884766,40.060001373291016,46778,0.0,0.0
507,507.0,507.0,507.0,507.0,507.0,2024-06-18 00:00:00+05:30,41.0,41.0,39.25,39.459999084472656,71234,0.0,0.0
508,508.0,508.0,508.0,508.0,508.0,2024-06-19 00:00:00+05:30,40.79999923706055,40.79999923706055,39.0,39.459999084472656,44850,0.0,0.0
509,509.0,509.0,509.0,509.0,509.0,2024-06-20 00:00:00+05:30,39.0,39.5,39.0,39.38999938964844,77170,0.0,0.0
510,510.0,510.0,510.0,510.0,510.0,2024-06-21 00:00:00+05:30,39.18000030517578,39.5,38.5099983215332,38.91999816894531,44941,0.0,0.0
511,511.0,511.0,511.0,511.0,511.0,2024-06-24 00:00:00+05:30,39.400001525878906,40.86000061035156,38.95000076293945,40.86000061035156,161898,0.0,0.0
512,512.0,512.0,512.0,512.0,512.0,2024-06-25 00:00:00+05:30,42.900001525878906,42.900001525878906,41.04999923706055,42.88999938964844,194151,0.0,0.0
513,513.0,513.0,513.0,513.0,513.0,2024-06-26 00:00:00+05:30,43.0,43.79999923706055,41.79999923706055,42.91999816894531,227596,0.0,0.0
514,514.0,514.0,514.0,514.0,514.0,2024-06-27 00:00:00+05:30,41.630001068115234,43.0,40.810001373291016,42.060001373291016,70395,0.0,0.0
515,515.0,515.0,515.0,515.0,515.0,2024-06-28 00:00:00+05:30,42.25,42.25,40.11000061035156,40.779998779296875,67616,0.0,0.0
516,516.0,516.0,516.0,516.0,516.0,2024-07-01 00:00:00+05:30,41.75,41.75,39.79999923706055,40.029998779296875,35723,0.0,0.0
517,517.0,517.0,517.0,517.0,517.0,2024-07-02 00:00:00+05:30,41.29999923706055,41.29999923706055,38.900001525878906,40.79999923706055,107601,0.0,0.0
518,518.0,518.0,518.0,518.0,518.0,2024-07-03 00:00:00+05:30,40.70000076293945,40.79999923706055,39.0,39.279998779296875,81281,0.0,0.0
519,519.0,519.0,519.0,519.0,519.0,2024-07-04 00:00:00+05:30,39.38999938964844,40.4900016784668,39.20000076293945,40.02000045776367,79195,0.0,0.0
520,520.0,520.0,520.0,520.0,520.0,2024-07-05 00:00:00+05:30,40.849998474121094,40.900001525878906,39.20000076293945,39.5,64160,0.0,0.0
521,521.0,521.0,521.0,521.0,521.0,2024-07-08 00:00:00+05:30,39.5,40.5,39.11000061035156,39.9900016784668,61686,0.0,0.0
522,522.0,522.0,522.0,522.0,522.0,2024-07-09 00:00:00+05:30,39.2599983215332,40.58000183105469,39.04999923706055,39.29999923706055,82652,0.0,0.0
523,523.0,523.0,523.0,523.0,523.0,2024-07-10 00:00:00+05:30,39.79999923706055,40.08000183105469,38.70000076293945,39.189998626708984,68900,0.0,0.0
524,524.0,524.0,524.0,524.0,524.0,2024-07-11 00:00:00+05:30,39.939998626708984,39.97999954223633,38.75,39.400001525878906,17278,0.0,0.0
525,525.0,525.0,525.0,525.0,525.0,2024-07-12 00:00:00+05:30,40.0,40.0,38.5099983215332,38.790000915527344,77250,0.0,0.0
526,526.0,526.0,526.0,526.0,526.0,2024-07-15 00:00:00+05:30,39.45000076293945,40.25,38.79999923706055,39.689998626708984,53359,0.0,0.0
527,527.0,527.0,527.0,527.0,527.0,2024-07-16 00:00:00+05:30,39.97999954223633,39.97999954223633,38.0,39.16999816894531,112581,0.0,0.0
528,528.0,528.0,528.0,528.0,528.0,2024-07-18 00:00:00+05:30,39.0,39.5,37.86000061035156,38.0,131079,0.0,0.0
529,529.0,529.0,529.0,529.0,529.0,2024-07-19 00:00:00+05:30,38.75,38.75,36.099998474121094,36.77000045776367,67833,0.0,0.0
530,530.0,530.0,530.0,530.0,,2024-07-22 00:00:00+05:30,36.709999084472656,38.58000183105469,35.66999816894531,37.84000015258789,46197,0.0,0.0
531,531.0,531.0,531.0,531.0,,2024-07-23 00:00:00+05:30,38.529998779296875,38.529998779296875,37.0,37.93000030517578,50323,0.0,0.0
532,532.0,532.0,532.0,532.0,,2024-07-24 00:00:00+05:30,38.599998474121094,39.79999923706055,37.0,39.61000061035156,125132,0.0,0.0
533,533.0,533.0,533.0,533.0,,2024-07-25 00:00:00+05:30,39.529998779296875,39.54999923706055,38.79999923706055,39.20000076293945,31537,0.0,0.0
534,534.0,534.0,534.0,534.0,,2024-07-26 00:00:00+05:30,38.75,39.79999923706055,38.400001525878906,38.400001525878906,55017,0.0,0.0
535,535.0,535.0,535.0,,,2024-07-29 00:00:00+05:30,38.88999938964844,39.09000015258789,37.0,37.52000045776367,79329,0.0,0.0
536,536.0,536.0,536.0,,,2024-07-30 00:00:00+05:30,37.900001525878906,39.380001068115234,37.0,38.939998626708984,229758,0.0,0.0
537,537.0,537.0,537.0,,,2024-07-31 00:00:00+05:30,38.939998626708984,39.900001525878906,38.0,38.36000061035156,67079,0.0,0.0
538,538.0,538.0,538.0,,,2024-08-01 00:00:00+05:30,38.88999938964844,39.0,37.709999084472656,38.38999938964844,110982,0.0,0.0
539,539.0,539.0,539.0,,,2024-08-02 00:00:00+05:30,38.61000061035156,38.7400016784668,37.54999923706055,37.810001373291016,132879,0.0,0.0
540,540.0,540.0,540.0,,,2024-08-05 00:00:00+05:30,38.47999954223633,38.47999954223633,36.75,36.970001220703125,51401,0.0,0.0
541,541.0,541.0,541.0,,,2024-08-06 00:00:00+05:30,36.970001220703125,38.34000015258789,35.900001525878906,36.790000915527344,66750,0.0,0.0
542,542.0,542.0,542.0,,,2024-08-07 00:00:00+05:30,37.29999923706055,38.060001373291016,35.90999984741211,37.529998779296875,37772,0.0,0.0
543,543.0,543.0,543.0,,,2024-08-08 00:00:00+05:30,37.529998779296875,38.25,37.0,37.36000061035156,50080,0.0,0.0
544,544.0,544.0,544.0,,,2024-08-09 00:00:00+05:30,37.84000015258789,38.70000076293945,37.02000045776367,38.29999923706055,33947,0.0,0.0
545,545.0,545.0,545.0,,,2024-08-12 00:00:00+05:30,38.29999923706055,39.5,37.060001373291016,38.0,43973,0.0,0.0
546,546.0,546.0,546.0,,,2024-08-13 00:00:00+05:30,37.630001068115234,38.45000076293945,37.0,37.15999984741211,39981,0.0,0.0
547,547.0,547.0,547.0,,,2024-08-14 00:00:00+05:30,37.900001525878906,37.900001525878906,36.54999923706055,36.68000030517578,24563,0.0,0.0
548,548.0,548.0,548.0,,,2024-08-16 00:00:00+05:30,36.68000030517578,37.47999954223633,36.5,37.38999938964844,29597,0.0,0.0
549,549.0,549.0,549.0,,,2024-08-19 00:00:00+05:30,37.38999938964844,38.08000183105469,37.0099983215332,37.9900016784668,46456,0.0,0.0
550,550.0,550.0,550.0,,,2024-08-20 00:00:00+05:30,37.9900016784668,38.599998474121094,37.130001068115234,38.45000076293945,48587,0.0,0.0
551,551.0,551.0,551.0,,,2024-08-21 00:00:00+05:30,38.380001068115234,38.380001068115234,37.349998474121094,37.900001525878906,62732,0.0,0.0
552,552.0,552.0,552.0,,,2024-08-22 00:00:00+05:30,38.29999923706055,39.790000915527344,37.150001525878906,39.54999923706055,120910,0.0,0.0
553,553.0,553.0,,,,2024-08-23 00:00:00+05:30,40.099998474121094,40.75,37.900001525878906,38.81999969482422,166943,0.0,0.0
554,554.0,554.0,,,,2024-08-26 00:00:00+05:30,39.900001525878906,40.7599983215332,39.0,40.7599983215332,110556,0.0,0.0
555,555.0,555.0,,,,2024-08-27 00:00:00+05:30,41.54999923706055,42.790000915527344,41.47999954223633,42.790000915527344,158012,0.0,0.0
556,556.0,556.0,,,,2024-08-28 00:00:00+05:30,43.38999938964844,44.91999816894531,43.0,44.91999816894531,400014,0.0,0.0
557,557.0,557.0,,,,2024-08-29 00:00:00+05:30,46.29999923706055,47.15999984741211,44.400001525878906,47.08000183105469,613785,0.0,0.0
558,558.0,558.0,,,,2024-08-30 00:00:00+05:30,46.130001068115234,46.5,46.130001068115234,46.130001068115234,40846,0.0,0.0
559,559.0,559.0,,,,2024-09-02 00:00:00+05:30,45.20000076293945,45.20000076293945,45.20000076293945,45.20000076293945,9526,0.0,0.0
560,560.0,560.0,,,,2024-09-03 00:00:00+05:30,45.20000076293945,45.20000076293945,44.290000915527344,45.20000076293945,177054,0.0,0.0
561,561.0,561.0,,,,2024-09-04 00:00:00+05:30,45.900001525878906,46.099998474121094,44.290000915527344,45.900001525878906,277964,0.0,0.0
562,562.0,562.0,,,,2024-09-05 00:00:00+05:30,44.97999954223633,46.20000076293945,44.97999954223633,44.97999954223633,98595,0.0,0.0
563,563.0,563.0,,,,2024-09-06 00:00:00+05:30,45.869998931884766,45.869998931884766,44.400001525878906,45.869998931884766,124565,0.0,0.0
564,564.0,564.0,,,,2024-09-09 00:00:00+05:30,44.95000076293945,44.95000076293945,44.95000076293945,44.95000076293945,38898,0.0,0.0
565,565.0,565.0,,,,2024-09-10 00:00:00+05:30,45.84000015258789,45.84000015258789,44.04999923706055,45.84000015258789,86248,0.0,0.0
566,566.0,566.0,,,,2024-09-11 00:00:00+05:30,44.959999084472656,45.52000045776367,44.95000076293945,44.959999084472656,34619,0.0,0.0
567,567.0,567.0,,,,2024-09-12 00:00:00+05:30,44.060001373291016,44.90999984741211,44.060001373291016,44.060001373291016,8974,0.0,0.0
568,568.0,568.0,,,,2024-09-13 00:00:00+05:30,44.900001525878906,44.900001525878906,43.16999816894531,44.900001525878906,47195,0.0,0.0
569,569.0,569.0,,,,2024-09-16 00:00:00+05:30,44.849998474121094,45.70000076293945,44.11000061035156,45.70000076293945,58918,0.0,0.0
570,570.0,570.0,,,,2024-09-17 00:00:00+05:30,46.5,46.5,45.150001525878906,46.5,28745,0.0,0.0
571,571.0,571.0,,,,2024-09-18 00:00:00+05:30,47.43000030517578,47.43000030517578,46.5,47.43000030517578,109097,0.0,0.0
572,572.0,572.0,,,,2024-09-19 00:00:00+05:30,48.0,48.349998474121094,47.43000030517578,48.0,56939,0.0,0.0
573,573.0,573.0,,,,2024-09-20 00:00:00+05:30,47.400001525878906,48.0,47.400001525878906,47.400001525878906,31123,0.0,0.0
574,574.0,574.0,,,,2024-09-23 00:00:00+05:30,47.5,47.5,46.45000076293945,47.5,23057,0.0,0.0
575,575.0,575.0,,,,2024-09-24 00:00:00+05:30,48.0,48.0,47.0,48.0,90148,0.0,0.0
576,576.0,576.0,,,,2024-09-25 00:00:00+05:30,47.95000076293945,47.95000076293945,47.95000076293945,47.95000076293945,17783,0.0,0.0
577,,,,,,2024-09-26 00:00:00+05:30,49.93000030517578,49.93000030517578,49.04999923706055,49.93000030517578,404349,0.0,0.0
578,,,,,,2024-09-27 00:00:00+05:30,50.91999816894531,50.91999816894531,50.650001525878906,50.91999816894531,60047,0.0,0.0
