,Unnamed: 0.5,Unnamed: 0.4,Unnamed: 0.3,Unnamed: 0.2,Unnamed: 0.1,Unnamed: 0,Date,Open,High,Low,Close,Volume,Dividends,Stock Splits
0,0.0,0.0,0.0,0.0,0.0,0.0,2022-09-15 00:00:00+05:30,485.0170728381815,504.6137222457848,471.2994182528592,499.3716125488281,2143945,0.0,0.0
1,1.0,1.0,1.0,1.0,1.0,1.0,2022-09-16 00:00:00+05:30,494.8153807106411,494.8153807106411,482.6654644716341,483.7432861328125,215374,0.0,0.0
2,2.0,2.0,2.0,2.0,2.0,2.0,2022-09-19 00:00:00+05:30,484.7720958870112,488.9363837243428,479.1380594012097,487.1236877441406,140252,0.0,0.0
3,3.0,3.0,3.0,3.0,3.0,3.0,2022-09-20 00:00:00+05:30,487.1236835603574,499.61654696505406,480.1178877099108,483.4983215332031,171893,0.0,0.0
4,4.0,4.0,4.0,4.0,4.0,4.0,2022-09-21 00:00:00+05:30,485.0170739410209,494.8153986671021,480.1179115779803,483.2533874511719,201612,0.0,0.0
5,5.0,5.0,5.0,5.0,5.0,5.0,2022-09-22 00:00:00+05:30,483.2533699142871,488.9363860883364,482.6654644716341,483.7432861328125,82122,0.0,0.0
6,6.0,6.0,6.0,6.0,6.0,6.0,2022-09-23 00:00:00+05:30,485.9479070605789,486.3398340533188,476.6884786087721,480.21588134765625,100865,0.0,0.0
7,7.0,7.0,7.0,7.0,7.0,7.0,2022-09-26 00:00:00+05:30,480.06892335584234,480.06892335584234,468.6048716698792,472.57318115234375,101873,0.0,0.0
8,8.0,8.0,8.0,8.0,8.0,8.0,2022-09-27 00:00:00+05:30,478.1582340351414,478.1582340351414,470.3195744607948,471.25042724609375,61227,0.0,0.0
9,9.0,9.0,9.0,9.0,9.0,9.0,2022-09-28 00:00:00+05:30,471.2504309017304,473.553013247866,465.4204158372396,466.7921752929687,55243,0.0,0.0
10,10.0,10.0,10.0,10.0,10.0,10.0,2022-09-29 00:00:00+05:30,477.6683358247733,479.9219385765367,466.4982514905245,471.9363098144531,64806,0.0,0.0
11,11.0,11.0,11.0,11.0,11.0,11.0,2022-09-30 00:00:00+05:30,471.9362881479177,474.2389003594243,465.4693880716848,468.80084228515625,38768,0.0,0.0
12,12.0,12.0,12.0,12.0,12.0,12.0,2022-10-03 00:00:00+05:30,472.81811993760704,473.6999930328718,463.95064854194794,464.9304809570313,47950,0.0,0.0
13,13.0,13.0,13.0,13.0,13.0,13.0,2022-10-04 00:00:00+05:30,467.3311165849887,472.622206033794,461.9910175705701,463.9017028808594,47965,0.0,0.0
14,14.0,14.0,14.0,14.0,14.0,14.0,2022-10-06 00:00:00+05:30,469.4377128708563,472.916105960024,465.2244155732357,470.56451416015625,45865,0.0,0.0
15,15.0,15.0,15.0,15.0,15.0,15.0,2022-10-07 00:00:00+05:30,472.2792495768099,472.2792495768099,465.4204223007981,467.0371398925781,29209,0.0,0.0
16,16.0,16.0,16.0,16.0,16.0,16.0,2022-10-10 00:00:00+05:30,470.31958819609355,470.31958819609355,460.52126344200826,461.4031066894531,47816,0.0,0.0
17,17.0,17.0,17.0,17.0,17.0,17.0,2022-10-11 00:00:00+05:30,461.5010956960275,466.84119464528794,459.5414307461506,460.2273254394531,32487,0.0,0.0
18,18.0,18.0,18.0,18.0,18.0,18.0,2022-10-12 00:00:00+05:30,458.5615890470256,461.5500660746277,455.08319579180915,457.5817565917969,85227,0.0,0.0
19,19.0,19.0,19.0,19.0,19.0,19.0,2022-10-13 00:00:00+05:30,458.56157954705344,460.1782970842647,454.20131325077153,456.0630187988281,65116,0.0,0.0
20,20.0,20.0,20.0,20.0,20.0,20.0,2022-10-14 00:00:00+05:30,458.4145979034737,465.27342475708355,455.62206956122446,456.7488708496094,51978,0.0,0.0
21,21.0,21.0,21.0,21.0,21.0,21.0,2022-10-17 00:00:00+05:30,458.56159953815256,484.625149423949,455.6221021052157,466.0573120117187,131322,0.0,0.0
22,22.0,22.0,22.0,22.0,22.0,22.0,2022-10-18 00:00:00+05:30,469.6336894419271,480.1179087989957,466.7432016057321,476.24755859375,63348,0.0,0.0
23,23.0,23.0,23.0,23.0,23.0,23.0,2022-10-19 00:00:00+05:30,476.6884802141815,491.87588297537326,474.18991946270154,488.3484802246094,117064,0.0,0.0
24,24.0,24.0,24.0,24.0,24.0,24.0,2022-10-20 00:00:00+05:30,489.9162151488288,489.9162151488288,471.3973881966256,475.5616760253906,48288,0.0,0.0
25,25.0,25.0,25.0,25.0,25.0,25.0,2022-10-21 00:00:00+05:30,476.1985648053081,484.4291513030019,471.29940261595306,473.4060363769531,29622,0.0,0.0
26,26.0,26.0,26.0,26.0,26.0,26.0,2022-10-24 00:00:00+05:30,484.03722291592146,484.03722291592146,473.74898234787054,480.2648620605469,13949,0.0,0.0
27,27.0,27.0,27.0,27.0,27.0,27.0,2022-10-25 00:00:00+05:30,482.0775718444188,483.4493313123338,474.287891801941,477.3253784179687,25312,0.0,0.0
28,28.0,28.0,28.0,28.0,28.0,28.0,2022-10-27 00:00:00+05:30,478.1582449973953,526.8069510176944,477.3253814181041,503.976806640625,593555,0.0,0.0
29,29.0,29.0,29.0,29.0,29.0,29.0,2022-10-28 00:00:00+05:30,511.47253039316377,514.4120276942739,488.00553164512274,497.5099182128906,143964,0.0,0.0
30,30.0,30.0,30.0,30.0,30.0,30.0,2022-10-31 00:00:00+05:30,500.6454236793774,503.5849211549731,490.8960784244727,492.8557434082031,79569,0.0,0.0
31,31.0,31.0,31.0,31.0,31.0,31.0,2022-11-01 00:00:00+05:30,493.34564941247544,500.69439294890753,493.1986805221696,494.7664184570313,35234,0.0,0.0
32,32.0,32.0,32.0,32.0,32.0,32.0,2022-11-02 00:00:00+05:30,492.8557095079424,494.7663946965021,483.64529069835567,484.6741027832031,63561,0.0,0.0
33,33.0,33.0,33.0,33.0,33.0,33.0,2022-11-03 00:00:00+05:30,484.67412336977446,504.2217631269524,482.46950032107753,492.3658142089844,83741,0.0,0.0
34,34.0,34.0,34.0,34.0,34.0,34.0,2022-11-04 00:00:00+05:30,492.3658096828893,501.1353221346041,490.8960609972687,495.6482543945313,53774,0.0,0.0
35,35.0,35.0,35.0,35.0,35.0,35.0,2022-11-07 00:00:00+05:30,501.1353354384995,516.2737592631242,496.23617302303705,499.6165771484375,197647,0.0,0.0
36,36.0,36.0,36.0,36.0,36.0,36.0,2022-11-09 00:00:00+05:30,501.6742256637168,508.14109605722194,495.94219972209726,498.2448120117187,103488,0.0,0.0
37,37.0,37.0,37.0,37.0,37.0,37.0,2022-11-10 00:00:00+05:30,498.734718787402,501.6252364858168,490.06319559427106,496.72607421875,55708,0.0,0.0
38,38.0,38.0,38.0,38.0,38.0,38.0,2022-11-11 00:00:00+05:30,501.6742083395702,506.0834543113047,481.6366230182871,491.826904296875,78811,0.0,0.0
39,39.0,39.0,39.0,39.0,39.0,39.0,2022-11-14 00:00:00+05:30,493.8355342741935,497.95084235399,489.9162046370968,493.590576171875,53761,0.0,0.0
40,40.0,40.0,40.0,40.0,40.0,40.0,2022-11-15 00:00:00+05:30,493.3456550477043,497.2160053152798,492.6597603489571,493.8355712890625,23677,0.0,0.0
41,41.0,41.0,41.0,41.0,41.0,41.0,2022-11-16 00:00:00+05:30,497.7548834658781,499.2246321375293,489.9162238837382,492.0228576660156,34580,0.0,0.0
42,42.0,42.0,42.0,42.0,42.0,42.0,2022-11-17 00:00:00+05:30,490.0631778351321,500.2044493408789,490.0631778351321,499.5185546875,118103,0.0,0.0
43,43.0,43.0,43.0,43.0,43.0,43.0,2022-11-18 00:00:00+05:30,499.17562792013933,503.9277911363488,494.81536178122246,500.3024291992187,57353,0.0,0.0
44,44.0,44.0,44.0,44.0,44.0,44.0,2022-11-21 00:00:00+05:30,502.4090777528053,514.4120250028723,497.8528629403452,499.7145385742187,240335,0.0,0.0
45,45.0,45.0,45.0,45.0,45.0,45.0,2022-11-22 00:00:00+05:30,498.73470147760514,503.2419066851824,495.8931934417505,498.3917541503906,578808,0.0,0.0
46,46.0,46.0,46.0,46.0,46.0,46.0,2022-11-23 00:00:00+05:30,502.556097960598,502.556097960598,494.8153975231974,497.0690002441406,41073,0.0,0.0
47,47.0,47.0,47.0,47.0,47.0,47.0,2022-11-24 00:00:00+05:30,502.06617960345386,502.06617960345386,494.86437509433455,496.9710388183594,45300,0.0,0.0
48,48.0,48.0,48.0,48.0,48.0,48.0,2022-11-25 00:00:00+05:30,498.19584174162304,507.65118939214585,494.81540768864687,499.7635498046875,139484,0.0,0.0
49,49.0,49.0,49.0,49.0,49.0,49.0,2022-11-28 00:00:00+05:30,496.775072669592,502.3601298261314,496.2851564243557,499.7635498046875,45850,0.0,0.0
50,50.0,50.0,50.0,50.0,50.0,50.0,2022-11-29 00:00:00+05:30,502.9479950661984,502.9479950661984,496.08916777379767,497.0690002441406,31723,0.0,0.0
51,51.0,51.0,51.0,51.0,51.0,51.0,2022-11-30 00:00:00+05:30,499.6165771484375,501.1353354384995,497.11801627739743,499.6165771484375,33986,0.0,0.0
52,52.0,52.0,52.0,52.0,52.0,52.0,2022-12-01 00:00:00+05:30,508.0431428228427,537.4381173352541,506.8673318815006,518.08642578125,778679,0.0,0.0
53,53.0,53.0,53.0,53.0,53.0,53.0,2022-12-02 00:00:00+05:30,519.3112004846269,521.7118019571465,509.561855609023,510.5906677246094,72437,0.0,0.0
54,54.0,54.0,54.0,54.0,54.0,54.0,2022-12-05 00:00:00+05:30,512.8933392212477,519.3112301996616,504.7117018817904,511.6685485839844,51363,0.0,0.0
55,55.0,55.0,55.0,55.0,55.0,55.0,2022-12-06 00:00:00+05:30,505.83849046975695,512.9912552264503,487.9565486759108,500.8413391113281,88458,0.0,0.0
56,56.0,56.0,56.0,56.0,56.0,56.0,2022-12-07 00:00:00+05:30,500.84133456768063,507.30823450803166,500.0084710318128,505.2506103515625,33507,0.0,0.0
57,57.0,57.0,57.0,57.0,57.0,57.0,2022-12-08 00:00:00+05:30,514.4120478305344,519.115231735568,500.6943932217202,502.85003662109375,92381,0.0,0.0
58,58.0,58.0,58.0,58.0,58.0,58.0,2022-12-09 00:00:00+05:30,508.53304537688166,508.53304537688166,499.7145532605195,502.55609130859375,49771,0.0,0.0
59,59.0,59.0,59.0,59.0,59.0,59.0,2022-12-12 00:00:00+05:30,506.3284135097503,508.4840568391905,499.81253376237447,502.2620849609375,150892,0.0,0.0
60,60.0,60.0,60.0,60.0,60.0,60.0,2022-12-13 00:00:00+05:30,502.65404877096904,514.0200813127154,497.26497027537386,510.5906677246094,171040,0.0,0.0
61,61.0,61.0,61.0,61.0,61.0,61.0,2022-12-14 00:00:00+05:30,513.7751090735139,518.3313537798473,502.0171199518539,510.0517578125,123205,0.0,0.0
62,62.0,62.0,62.0,62.0,62.0,62.0,2022-12-15 00:00:00+05:30,514.4120243299088,516.0777514171555,502.3600974350246,503.1439514160156,130363,0.0,0.0
63,63.0,63.0,63.0,63.0,63.0,63.0,2022-12-16 00:00:00+05:30,503.14395560089736,504.1727676972692,497.8528664299181,498.6857299804687,150055,0.0,0.0
64,64.0,64.0,64.0,64.0,64.0,64.0,2022-12-19 00:00:00+05:30,498.73469081762386,503.4868540284796,491.5819262696893,493.39459228515625,116152,0.0,0.0
65,65.0,65.0,65.0,65.0,65.0,65.0,2022-12-20 00:00:00+05:30,492.1698118824642,501.6252186432701,491.6798956731837,494.9133605957031,197361,0.0,0.0
66,66.0,66.0,66.0,66.0,66.0,66.0,2022-12-21 00:00:00+05:30,497.26498480213456,499.9105444653759,481.4406961923023,483.4493408203125,147657,0.0,0.0
67,67.0,67.0,67.0,67.0,67.0,67.0,2022-12-22 00:00:00+05:30,488.4464561517034,489.769235884994,476.68846723731934,486.6827697753906,111304,0.0,0.0
68,68.0,68.0,68.0,68.0,68.0,68.0,2022-12-23 00:00:00+05:30,486.9767282946248,486.9767282946248,471.8873145250732,473.6510009765625,75194,0.0,0.0
69,69.0,69.0,69.0,69.0,69.0,69.0,2022-12-26 00:00:00+05:30,473.7489641958078,483.30233007152464,468.21291713030183,472.671142578125,78651,0.0,0.0
70,70.0,70.0,70.0,70.0,70.0,70.0,2022-12-27 00:00:00+05:30,477.9622372138685,480.1178804748043,473.650980594109,475.1697387695313,32586,0.0,0.0
71,71.0,71.0,71.0,71.0,71.0,71.0,2022-12-28 00:00:00+05:30,478.0602204457955,478.84410430454767,470.8094666894808,471.495361328125,70234,0.0,0.0
72,72.0,72.0,72.0,72.0,72.0,72.0,2022-12-29 00:00:00+05:30,476.8844769213349,476.8844769213349,468.5068913297435,469.437744140625,36884,0.0,0.0
73,73.0,73.0,73.0,73.0,73.0,73.0,2022-12-30 00:00:00+05:30,470.3195743862769,474.2389041728292,465.42041215308655,468.94781494140625,72140,0.0,0.0
74,74.0,74.0,74.0,74.0,74.0,74.0,2023-01-02 00:00:00+05:30,477.71728246379354,477.71728246379354,467.6740001997129,468.4088745117187,65336,0.0,0.0
75,75.0,75.0,75.0,75.0,75.0,75.0,2023-01-03 00:00:00+05:30,472.1812604226962,475.8556321782714,469.3887319080362,473.9449768066406,82224,0.0,0.0
76,76.0,76.0,76.0,76.0,76.0,76.0,2023-01-04 00:00:00+05:30,474.9737546926945,477.9132518852228,468.5558644498525,472.671142578125,97125,0.0,0.0
77,77.0,77.0,77.0,77.0,77.0,77.0,2023-01-05 00:00:00+05:30,473.1610928666678,474.0919456722114,466.6452129342034,471.6423645019531,63906,0.0,0.0
78,78.0,78.0,78.0,78.0,78.0,78.0,2023-01-06 00:00:00+05:30,472.2792346909265,472.2792346909265,465.42040763109975,469.9276428222656,33810,0.0,0.0
79,79.0,79.0,79.0,79.0,79.0,79.0,2023-01-09 00:00:00+05:30,477.47232620071696,477.47232620071696,469.3397290773408,470.760498046875,54440,0.0,0.0
80,80.0,80.0,80.0,80.0,80.0,80.0,2023-01-10 00:00:00+05:30,475.16975996284697,475.16975996284697,468.35991245480307,470.2215881347656,32309,0.0,0.0
81,81.0,81.0,81.0,81.0,81.0,81.0,2023-01-11 00:00:00+05:30,475.65966670464286,476.0025841346064,468.45789233949085,471.0054626464844,52333,0.0,0.0
82,82.0,82.0,82.0,82.0,82.0,82.0,2023-01-12 00:00:00+05:30,475.2187396246433,475.2187396246433,468.9967975687227,470.2215881347656,44086,0.0,0.0
83,83.0,83.0,83.0,83.0,83.0,83.0,2023-01-13 00:00:00+05:30,475.1207755031216,475.1207755031216,469.8296859586711,471.1524658203125,32519,0.0,0.0
84,84.0,84.0,84.0,84.0,84.0,84.0,2023-01-16 00:00:00+05:30,472.2792525575866,473.2590850317724,468.8498388979361,470.613525390625,20806,0.0,0.0
85,85.0,85.0,85.0,85.0,85.0,85.0,2023-01-17 00:00:00+05:30,472.27924121033664,476.10058178742497,468.11495329510024,470.172607421875,36039,0.0,0.0
86,86.0,86.0,86.0,86.0,86.0,86.0,2023-01-18 00:00:00+05:30,472.2792578114952,472.2792578114952,466.35128323757016,467.33111572265625,27785,0.0,0.0
87,87.0,87.0,87.0,87.0,87.0,87.0,2023-01-19 00:00:00+05:30,469.8786508014487,469.8786508014487,465.6653831253892,467.1351318359375,34677,0.0,0.0
88,88.0,88.0,88.0,88.0,88.0,88.0,2023-01-20 00:00:00+05:30,471.2504254961998,471.83830104040226,466.8901591633152,468.8988037109375,41144,0.0,0.0
89,89.0,89.0,89.0,89.0,89.0,89.0,2023-01-23 00:00:00+05:30,470.85848328625343,478.6971430760293,465.6164034735321,469.437744140625,100932,0.0,0.0
90,90.0,90.0,90.0,90.0,90.0,90.0,2023-01-24 00:00:00+05:30,469.4377333333721,473.3080535742041,469.4377333333721,471.348388671875,32665,0.0,0.0
91,91.0,91.0,91.0,91.0,91.0,91.0,2023-01-25 00:00:00+05:30,470.3195846653184,473.21010240691953,465.5184115522827,469.3397521972656,51735,0.0,0.0
92,92.0,92.0,92.0,92.0,92.0,92.0,2023-01-27 00:00:00+05:30,470.3195750429667,470.3195750429667,458.56158566689254,463.2157897949219,49734,0.0,0.0
93,93.0,93.0,93.0,93.0,93.0,93.0,2023-01-30 00:00:00+05:30,463.70571876463913,465.4694052586828,457.5817657962736,460.2273254394531,34753,0.0,0.0
94,94.0,94.0,94.0,94.0,94.0,94.0,2023-01-31 00:00:00+05:30,469.1437874756338,469.1437874756338,458.5616084717471,460.6192626953125,42854,0.0,0.0
95,95.0,95.0,95.0,95.0,95.0,95.0,2023-02-01 00:00:00+05:30,465.9103289547139,468.1639316239335,458.8555233693177,460.9131774902344,27042,0.0,0.0
96,96.0,96.0,96.0,96.0,96.0,96.0,2023-02-02 00:00:00+05:30,465.4204162887595,465.4204162887595,455.91602951107,459.8843688964844,31302,0.0,0.0
97,97.0,97.0,97.0,97.0,97.0,97.0,2023-02-03 00:00:00+05:30,461.01116671544247,462.8238627243955,456.7978991505143,460.9131774902344,22201,0.0,0.0
98,98.0,98.0,98.0,98.0,98.0,98.0,2023-02-06 00:00:00+05:30,460.9131581648371,465.81232019869407,457.8756717234234,462.48089599609375,21665,0.0,0.0
99,99.0,99.0,99.0,99.0,99.0,99.0,2023-02-07 00:00:00+05:30,460.5212563660447,463.0198171791002,451.1148587662304,451.8987426757813,104966,0.0,0.0
100,100.0,100.0,100.0,100.0,100.0,100.0,2023-02-08 00:00:00+05:30,455.62210187995635,459.98236836416936,452.6826044484728,455.6710815429687,198703,0.0,0.0
101,101.0,101.0,101.0,101.0,101.0,101.0,2023-02-09 00:00:00+05:30,460.0313352806742,460.0313352806742,444.8439323054869,445.9707336425781,147619,0.0,0.0
102,102.0,102.0,102.0,102.0,102.0,102.0,2023-02-10 00:00:00+05:30,447.78340499433574,451.604745358504,442.1493687170547,449.64508056640625,484995,0.0,0.0
103,103.0,103.0,103.0,103.0,103.0,103.0,2023-02-13 00:00:00+05:30,455.52409653122305,455.52409653122305,447.293509994765,449.3021545410156,21991,0.0,0.0
104,104.0,104.0,104.0,104.0,104.0,104.0,2023-02-14 00:00:00+05:30,455.034171758284,455.034171758284,445.8237529524364,447.8323974609375,28573,0.0,0.0
105,105.0,105.0,105.0,105.0,105.0,105.0,2023-02-15 00:00:00+05:30,451.2128219087379,451.2618015680787,414.4691067695898,422.1607971191406,277713,0.0,0.0
106,106.0,106.0,106.0,106.0,106.0,106.0,2023-02-16 00:00:00+05:30,431.1262948521753,443.4721901851833,428.48073517291846,437.397216796875,116916,0.0,0.0
107,107.0,107.0,107.0,107.0,107.0,107.0,2023-02-17 00:00:00+05:30,439.9447796544894,443.3741933043574,431.6162036476673,434.8006591796875,119702,0.0,0.0
108,108.0,108.0,108.0,108.0,108.0,108.0,2023-02-20 00:00:00+05:30,442.8842708585536,445.52983045505846,436.9562964506064,442.6393127441406,53706,0.0,0.0
109,109.0,109.0,109.0,109.0,109.0,109.0,2023-02-21 00:00:00+05:30,446.3136874690359,449.6941214315679,441.4635048101186,446.2156982421875,40272,0.0,0.0
110,110.0,110.0,110.0,110.0,110.0,110.0,2023-02-22 00:00:00+05:30,450.72293630154024,450.72293630154024,441.36554817177773,446.3136901855469,40906,0.0,0.0
111,111.0,111.0,111.0,111.0,111.0,111.0,2023-02-23 00:00:00+05:30,451.2128702303982,451.2128702303982,443.86412641557087,448.12640380859375,19288,0.0,0.0
112,112.0,112.0,112.0,112.0,112.0,112.0,2023-02-24 00:00:00+05:30,454.6647552744037,454.6647552744037,445.79831012443134,449.9591064453125,25092,5.0,0.0
113,113.0,113.0,113.0,113.0,113.0,113.0,2023-02-27 00:00:00+05:30,450.2562945196707,451.7422888910227,445.7983114056145,448.9684448242187,18978,0.0,0.0
114,114.0,114.0,114.0,114.0,114.0,114.0,2023-02-28 00:00:00+05:30,450.7516266266435,453.4264285919866,445.2534595377673,448.4731140136719,18287,0.0,0.0
115,115.0,115.0,115.0,115.0,115.0,115.0,2023-03-01 00:00:00+05:30,448.6217236665298,451.9899716553525,445.6001835246506,447.7301330566406,26868,0.0,0.0
116,116.0,116.0,116.0,116.0,116.0,116.0,2023-03-02 00:00:00+05:30,447.730119423244,450.70210818746693,443.8169887906305,446.4917907714844,23459,0.0,0.0
117,117.0,117.0,117.0,117.0,117.0,117.0,2023-03-03 00:00:00+05:30,446.4917894740492,450.9992936603026,445.94690672927845,447.4824523925781,12607,0.0,0.0
118,118.0,118.0,118.0,118.0,118.0,118.0,2023-03-06 00:00:00+05:30,451.1974467402246,451.1974467402246,446.34317416291975,450.3553771972656,16937,0.0,0.0
119,119.0,119.0,119.0,119.0,119.0,119.0,2023-03-08 00:00:00+05:30,451.7422919827292,453.7236178247587,447.482453515419,451.14788818359375,25062,0.0,0.0
120,120.0,120.0,120.0,120.0,120.0,120.0,2023-03-09 00:00:00+05:30,453.72361717180434,454.3675420230106,447.8787119927553,451.6432189941406,18414,0.0,0.0
121,121.0,121.0,121.0,121.0,121.0,121.0,2023-03-10 00:00:00+05:30,454.36753622588895,455.7049371967974,446.5908263598084,449.1170349121094,47406,0.0,0.0
122,122.0,122.0,122.0,122.0,122.0,122.0,2023-03-13 00:00:00+05:30,443.9655989481077,449.0675071394975,424.00374637443616,424.7962646484375,256117,0.0,0.0
123,123.0,123.0,123.0,123.0,123.0,123.0,2023-03-14 00:00:00+05:30,428.957041083242,431.3346260265533,413.35410021243126,426.1831970214844,163946,0.0,0.0
124,124.0,124.0,124.0,124.0,124.0,124.0,2023-03-15 00:00:00+05:30,433.910362124512,433.910362124512,421.47755448089265,428.2140502929687,223367,0.0,0.0
125,125.0,125.0,125.0,125.0,125.0,125.0,2023-03-16 00:00:00+05:30,428.3131339596502,428.3131339596502,414.0971145314805,419.7934265136719,250914,0.0,0.0
126,126.0,126.0,126.0,126.0,126.0,126.0,2023-03-17 00:00:00+05:30,424.4990708621909,424.4990708621909,417.0690987934244,420.93267822265625,193965,0.0,0.0
127,127.0,127.0,127.0,127.0,127.0,127.0,2023-03-20 00:00:00+05:30,420.9326585433716,420.9326585433716,411.2241742537909,412.5120239257813,129754,0.0,0.0
128,128.0,128.0,128.0,128.0,128.0,128.0,2023-03-21 00:00:00+05:30,417.9606698548103,417.9606698548103,412.11576481383287,412.5120239257813,62031,0.0,0.0
129,129.0,129.0,129.0,129.0,129.0,129.0,2023-03-22 00:00:00+05:30,413.1064356211812,414.64195104662406,410.1344468757051,411.22418212890625,84239,0.0,0.0
130,130.0,130.0,130.0,130.0,130.0,130.0,2023-03-23 00:00:00+05:30,420.9326825642043,420.9326825642043,409.63913094972304,410.9765319824219,94979,0.0,0.0
131,131.0,131.0,131.0,131.0,131.0,131.0,2023-03-24 00:00:00+05:30,415.0877533887743,415.0877533887743,409.1437760132787,410.1839599609375,69050,0.0,0.0
132,132.0,132.0,132.0,132.0,132.0,132.0,2023-03-27 00:00:00+05:30,413.1064422313251,413.1064422313251,404.6362862642398,408.5989379882813,103152,0.0,0.0
133,133.0,133.0,133.0,133.0,133.0,133.0,2023-03-28 00:00:00+05:30,405.1811360149022,412.0662554314361,400.22782139369315,401.26800537109375,107548,0.0,0.0
134,134.0,134.0,134.0,134.0,134.0,134.0,2023-03-29 00:00:00+05:30,407.06337966440367,407.06337966440367,395.2744971980071,399.3857421875,130155,0.0,0.0
135,135.0,135.0,135.0,135.0,135.0,135.0,2023-03-31 00:00:00+05:30,407.1624679166744,407.1624679166744,395.2745126490343,403.7942199707031,119991,0.0,0.0
136,136.0,136.0,136.0,136.0,136.0,136.0,2023-04-03 00:00:00+05:30,412.9082861532387,412.9082861532387,399.9306263013735,400.72314453125,75968,0.0,0.0
137,137.0,137.0,137.0,137.0,137.0,137.0,2023-04-05 00:00:00+05:30,405.9241232706134,405.9241232706134,396.2651599957178,397.05767822265625,83282,0.0,0.0
138,138.0,138.0,138.0,138.0,138.0,138.0,2023-04-06 00:00:00+05:30,398.3455581322218,402.2091373956536,396.2651599957178,397.05767822265625,79515,0.0,0.0
139,139.0,139.0,139.0,139.0,139.0,139.0,2023-04-10 00:00:00+05:30,402.1100791156089,402.1100791156089,395.2745109132597,395.9679870605469,103338,0.0,0.0
140,140.0,140.0,140.0,140.0,140.0,140.0,2023-04-11 00:00:00+05:30,398.2464871774188,398.98948435498863,396.3642337074351,398.39508056640625,49103,0.0,0.0
141,141.0,141.0,141.0,141.0,141.0,141.0,2023-04-12 00:00:00+05:30,399.18764265358,399.2371637073886,395.9184368211106,397.3053588867187,55928,0.0,0.0
142,142.0,142.0,142.0,142.0,142.0,142.0,2023-04-13 00:00:00+05:30,399.1876298534646,403.6951339803145,397.3053461469595,402.5558776855469,64071,0.0,0.0
143,143.0,143.0,143.0,143.0,143.0,143.0,2023-04-17 00:00:00+05:30,403.6951398984026,408.45030982133056,398.04834916137173,400.4259643554687,84971,0.0,0.0
144,144.0,144.0,144.0,144.0,144.0,144.0,2023-04-18 00:00:00+05:30,403.19979869655987,406.17178738474087,400.524996784144,405.5278625488281,49366,0.0,0.0
145,145.0,145.0,145.0,145.0,145.0,145.0,2023-04-19 00:00:00+05:30,406.8157231336066,406.8157231336066,397.4044253685725,401.7633361816406,48118,0.0,0.0
146,146.0,146.0,146.0,146.0,146.0,146.0,2023-04-20 00:00:00+05:30,402.20915917206554,404.6858165561299,398.7418388343753,401.664306640625,41763,0.0,0.0
147,147.0,147.0,147.0,147.0,147.0,147.0,2023-04-21 00:00:00+05:30,403.4969865316336,403.4969865316336,398.2464852617825,399.8810729980469,49655,0.0,0.0
148,148.0,148.0,148.0,148.0,148.0,148.0,2023-04-24 00:00:00+05:30,405.8250512454835,410.18396196225456,398.24648610127673,404.0418701171875,322160,0.0,0.0
149,149.0,149.0,149.0,149.0,149.0,149.0,2023-04-25 00:00:00+05:30,410.1344614047675,429.7495757267245,407.0138791579971,423.1121520996094,552289,0.0,0.0
150,150.0,150.0,150.0,150.0,150.0,150.0,2023-04-26 00:00:00+05:30,425.48972190765255,426.2822401464413,414.0970983874243,415.8802795410156,206625,0.0,0.0
151,151.0,151.0,151.0,151.0,151.0,151.0,2023-04-27 00:00:00+05:30,423.3102608108458,423.3102608108458,411.6699713031912,413.6017761230469,94605,0.0,0.0
152,152.0,152.0,152.0,152.0,152.0,152.0,2023-04-28 00:00:00+05:30,416.5737770184327,416.5737770184327,406.8652920489879,409.3419494628906,95175,0.0,0.0
153,153.0,153.0,153.0,153.0,153.0,153.0,2023-05-02 00:00:00+05:30,409.34194580891585,416.5737732999033,409.34194580891585,414.1466369628906,65994,0.0,0.0
154,154.0,154.0,154.0,154.0,154.0,154.0,2023-05-03 00:00:00+05:30,419.2485538586683,419.2485538586683,411.76903077974464,414.1961669921875,58886,0.0,0.0
155,155.0,155.0,155.0,155.0,155.0,155.0,2023-05-04 00:00:00+05:30,417.0690938236366,420.83360086723366,414.5924364968929,420.2392272949219,57279,0.0,0.0
156,156.0,156.0,156.0,156.0,156.0,156.0,2023-05-05 00:00:00+05:30,423.0130757852483,423.0130757852483,419.14949636207376,421.4280090332031,51846,0.0,0.0
157,157.0,157.0,157.0,157.0,157.0,157.0,2023-05-08 00:00:00+05:30,423.0130831332797,426.9757349659099,415.5831109470979,418.3074340820313,73191,0.0,0.0
158,158.0,158.0,158.0,158.0,158.0,158.0,2023-05-09 00:00:00+05:30,420.8336041522096,423.5084061790253,414.3942950524115,415.43450927734375,63715,0.0,0.0
159,159.0,159.0,159.0,159.0,159.0,159.0,2023-05-10 00:00:00+05:30,416.07842770971007,418.75322969518294,405.18113555540816,411.0755920410156,90698,0.0,0.0
160,160.0,160.0,160.0,160.0,160.0,160.0,2023-05-11 00:00:00+05:30,414.9887051874816,417.0691034364229,411.1251257152387,415.1372985839844,24091,0.0,0.0
161,161.0,161.0,161.0,161.0,161.0,161.0,2023-05-12 00:00:00+05:30,417.8616034277544,419.49622141568454,412.9578401618623,417.36627197265625,35930,0.0,0.0
162,162.0,162.0,162.0,162.0,162.0,162.0,2023-05-15 00:00:00+05:30,414.1466267037653,419.0504203110974,412.9082980385434,417.4158325195313,51930,0.0,0.0
163,163.0,163.0,163.0,163.0,163.0,163.0,2023-05-16 00:00:00+05:30,419.3476130832488,421.9233427902018,412.660638195604,415.2859191894531,45395,0.0,0.0
164,164.0,164.0,164.0,164.0,164.0,164.0,2023-05-17 00:00:00+05:30,419.3476024186855,420.68500340872936,412.1652962405374,416.2270202636719,49400,0.0,0.0
165,165.0,165.0,165.0,165.0,165.0,165.0,2023-05-18 00:00:00+05:30,419.74389328384336,419.74389328384336,409.14378789661623,410.5802612304687,85807,0.0,0.0
166,166.0,166.0,166.0,166.0,166.0,166.0,2023-05-19 00:00:00+05:30,414.79057657734506,414.79057657734506,406.27086942127727,407.4101257324219,41360,0.0,0.0
167,167.0,167.0,167.0,167.0,167.0,167.0,2023-05-22 00:00:00+05:30,410.9765136604182,411.1251070501749,406.9643107411923,408.54937744140625,42262,0.0,0.0
168,168.0,168.0,168.0,168.0,168.0,168.0,2023-05-23 00:00:00+05:30,412.1157940107165,413.35412271868137,408.103621089964,411.1746520996094,31797,0.0,0.0
169,169.0,169.0,169.0,169.0,169.0,169.0,2023-05-24 00:00:00+05:30,414.9391857851461,414.9391857851461,409.1438014373874,411.818603515625,19054,0.0,0.0
170,170.0,170.0,170.0,170.0,170.0,170.0,2023-05-25 00:00:00+05:30,414.5924251816929,414.5924251816929,406.71664300454313,407.7073059082031,48092,0.0,0.0
171,171.0,171.0,171.0,171.0,171.0,171.0,2023-05-26 00:00:00+05:30,411.0755899740608,411.0755899740608,406.3699411129094,407.9054565429687,47445,0.0,0.0
172,172.0,172.0,172.0,172.0,172.0,172.0,2023-05-29 00:00:00+05:30,411.1251240629959,411.1251240629959,406.6671407900237,409.6391296386719,52521,0.0,0.0
173,173.0,173.0,173.0,173.0,173.0,173.0,2023-05-30 00:00:00+05:30,410.8774583256086,412.11578701254535,408.74753903060423,409.6391296386719,40723,0.0,0.0
174,174.0,174.0,174.0,174.0,174.0,174.0,2023-05-31 00:00:00+05:30,411.9671832785069,411.9671832785069,408.20264602510827,410.5802612304687,32966,0.0,0.0
175,175.0,175.0,175.0,175.0,175.0,175.0,2023-06-01 00:00:00+05:30,411.1251090731104,413.0569138473505,408.1531203328229,409.3914489746094,48932,0.0,0.0
176,176.0,176.0,176.0,176.0,176.0,176.0,2023-06-02 00:00:00+05:30,412.1157647010265,412.1157647010265,408.7475169014388,410.1839599609375,47808,0.0,0.0
177,177.0,177.0,177.0,177.0,177.0,177.0,2023-06-05 00:00:00+05:30,412.6110988250365,417.06908188557105,409.1437786668428,410.53070068359375,80814,0.0,0.0
178,178.0,178.0,178.0,178.0,178.0,178.0,2023-06-06 00:00:00+05:30,414.2952405345088,414.2952405345088,408.64844986155066,410.87744140625,32339,0.0,0.0
179,179.0,179.0,179.0,179.0,179.0,179.0,2023-06-07 00:00:00+05:30,410.8774596613103,413.9980419160087,405.18114768288353,408.6484680175781,111951,0.0,0.0
180,180.0,180.0,180.0,180.0,180.0,180.0,2023-06-08 00:00:00+05:30,411.07558535087367,411.3232510776226,407.36059944964023,409.0447082519531,35618,0.0,0.0
181,181.0,181.0,181.0,181.0,181.0,181.0,2023-06-09 00:00:00+05:30,411.1251056663286,412.11576857154864,406.66712259283827,407.21197509765625,38853,0.0,0.0
182,182.0,182.0,182.0,182.0,182.0,182.0,2023-06-12 00:00:00+05:30,408.1531432137016,409.0942851272724,405.1811543068057,406.0232238769531,69295,0.0,0.0
183,183.0,183.0,183.0,183.0,183.0,183.0,2023-06-13 00:00:00+05:30,408.10360915218354,408.10360915218354,403.9923337758949,406.61761474609375,69830,0.0,0.0
184,184.0,184.0,184.0,184.0,184.0,184.0,2023-06-14 00:00:00+05:30,406.6175998072805,409.1437781117699,404.1904636067848,406.3699340820313,56620,0.0,0.0
185,185.0,185.0,185.0,185.0,185.0,185.0,2023-06-15 00:00:00+05:30,409.6391302868755,413.60178209134347,408.1531358602,411.4718627929687,87110,0.0,0.0
186,186.0,186.0,186.0,186.0,186.0,186.0,2023-06-16 00:00:00+05:30,412.9578370819637,417.5644135334935,410.7288455506461,415.1868286132813,84866,0.0,0.0
187,187.0,187.0,187.0,187.0,187.0,187.0,2023-06-19 00:00:00+05:30,420.0410806591682,423.11214177655194,417.0195708276685,421.7252197265625,128398,0.0,0.0
188,188.0,188.0,188.0,188.0,188.0,188.0,2023-06-20 00:00:00+05:30,421.67568375094953,446.7889958854972,419.5952854841133,441.9347534179687,393628,0.0,0.0
189,189.0,189.0,189.0,189.0,189.0,189.0,2023-06-21 00:00:00+05:30,447.1852380376485,447.73012078566063,432.1271797260111,433.86083984375,107517,0.0,0.0
190,190.0,190.0,190.0,190.0,190.0,190.0,2023-06-22 00:00:00+05:30,440.49825856012615,444.80764828154065,430.9383674887978,432.6720275878906,53583,0.0,0.0
191,191.0,191.0,191.0,191.0,191.0,191.0,2023-06-23 00:00:00+05:30,431.9290499060585,436.3870332193091,429.9972450439296,434.1085205078125,40088,0.0,0.0
192,192.0,192.0,192.0,192.0,192.0,192.0,2023-06-26 00:00:00+05:30,435.84217298522105,438.7646105215855,427.27291435947944,428.4122009277344,107382,0.0,0.0
193,193.0,193.0,193.0,193.0,193.0,193.0,2023-06-27 00:00:00+05:30,434.3066158614957,434.35616714682226,425.98505342255834,427.52056884765625,56429,0.0,0.0
194,194.0,194.0,194.0,194.0,194.0,194.0,2023-06-28 00:00:00+05:30,425.9850669642857,450.751640625,421.0317522321429,433.4150390625,258967,0.0,0.0
195,195.0,195.0,195.0,195.0,195.0,195.0,2023-06-30 00:00:00+05:30,436.7832896971336,442.7272674119487,429.45238989538854,433.76177978515625,113623,0.0,0.0
196,196.0,196.0,196.0,196.0,196.0,196.0,2023-07-03 00:00:00+05:30,406.1717884481345,447.77963019160194,398.593223319958,432.9692077636719,574958,0.0,0.0
197,197.0,197.0,197.0,197.0,197.0,197.0,2023-07-04 00:00:00+05:30,430.9383635699758,438.1206696294754,424.00372323666585,426.331787109375,108185,0.0,0.0
198,198.0,198.0,198.0,198.0,198.0,198.0,2023-07-05 00:00:00+05:30,430.591644964391,433.8608508374029,426.5299208248129,427.7682495117187,55251,0.0,0.0
199,199.0,199.0,199.0,199.0,199.0,199.0,2023-07-06 00:00:00+05:30,432.8206405910344,434.9505599056217,427.2729219760243,429.452392578125,126988,0.0,0.0
200,200.0,200.0,200.0,200.0,200.0,200.0,2023-07-07 00:00:00+05:30,432.9196862495735,432.9196862495735,427.5205613646209,431.1365051269531,49397,0.0,0.0
201,201.0,201.0,201.0,201.0,201.0,201.0,2023-07-10 00:00:00+05:30,433.1178542985611,433.1178542985611,425.09347834840986,427.2729187011719,59239,0.0,0.0
202,202.0,202.0,202.0,202.0,202.0,202.0,2023-07-11 00:00:00+05:30,428.5112467108443,432.91970892914895,425.2915921249868,430.0963134765625,71254,0.0,0.0
203,203.0,203.0,203.0,203.0,203.0,203.0,2023-07-12 00:00:00+05:30,430.9383609869103,432.67202105984614,426.9757093916283,428.3131103515625,60371,0.0,0.0
204,204.0,204.0,204.0,204.0,204.0,204.0,2023-07-13 00:00:00+05:30,430.93836000909937,430.93836000909937,414.6419432674265,421.8242492675781,137980,0.0,0.0
205,205.0,205.0,205.0,205.0,205.0,205.0,2023-07-14 00:00:00+05:30,425.98505475591986,425.98505475591986,412.1652949562502,417.2176818847656,133400,0.0,0.0
206,206.0,206.0,206.0,206.0,206.0,206.0,2023-07-17 00:00:00+05:30,421.0317442374388,424.5981368233885,418.6046079717226,421.2298889160156,81297,0.0,0.0
207,207.0,207.0,207.0,207.0,207.0,207.0,2023-07-18 00:00:00+05:30,421.774730135559,423.9046493263583,418.0597442565024,420.3382568359375,197209,0.0,0.0
208,208.0,208.0,208.0,208.0,208.0,208.0,2023-07-19 00:00:00+05:30,424.4990721940295,424.64766558934434,421.0317518843934,422.27008056640625,42511,0.0,0.0
209,209.0,209.0,209.0,209.0,209.0,209.0,2023-07-20 00:00:00+05:30,422.7158906929552,431.8795229335202,422.270080274685,429.2542419433594,100862,0.0,0.0
210,210.0,210.0,210.0,210.0,210.0,210.0,2023-07-21 00:00:00+05:30,430.938368216896,431.9785521850561,420.2887418759038,425.1925354003906,128381,0.0,0.0
211,211.0,211.0,211.0,211.0,211.0,211.0,2023-07-24 00:00:00+05:30,429.8981885532168,439.8543388600359,428.114977147988,435.6935424804687,604608,0.0,0.0
212,212.0,212.0,212.0,212.0,212.0,212.0,2023-07-25 00:00:00+05:30,445.7983309012224,446.2441413251773,436.436553859243,443.4207458496094,262098,0.0,0.0
213,213.0,213.0,213.0,213.0,213.0,213.0,2023-07-26 00:00:00+05:30,445.7983218622797,445.7983218622797,436.38702395629815,441.0431518554687,73646,0.0,0.0
214,214.0,214.0,214.0,214.0,214.0,214.0,2023-07-27 00:00:00+05:30,441.8356629680341,442.8263258894871,433.9598806494296,434.85150146484375,67565,0.0,0.0
215,215.0,215.0,215.0,215.0,215.0,215.0,2023-07-28 00:00:00+05:30,436.040283203125,439.656196856158,431.4832276722216,436.040283203125,57941,0.0,0.0
216,216.0,216.0,216.0,216.0,216.0,216.0,2023-07-31 00:00:00+05:30,439.7552593700593,441.93472986346495,432.7215466678496,441.1421813964844,163616,0.0,0.0
217,217.0,217.0,217.0,217.0,217.0,217.0,2023-08-01 00:00:00+05:30,441.8356711770689,450.5534929547738,441.34033970713944,447.0366516113281,124558,0.0,0.0
218,218.0,218.0,218.0,218.0,218.0,218.0,2023-08-02 00:00:00+05:30,448.9684538230678,452.6834398259088,445.2039165339421,451.3460388183594,193003,0.0,0.0
219,219.0,219.0,219.0,219.0,219.0,219.0,2023-08-03 00:00:00+05:30,454.5161480772117,454.5161480772117,442.9749307889878,446.8880615234375,309674,0.0,0.0
220,220.0,220.0,220.0,220.0,220.0,220.0,2023-08-04 00:00:00+05:30,449.7609663190764,449.7609663190764,442.8263258692229,446.4917907714844,289076,0.0,0.0
221,221.0,221.0,221.0,221.0,221.0,221.0,2023-08-07 00:00:00+05:30,448.77030778048334,450.7516336426488,441.43940813699766,447.6805725097656,122350,0.0,0.0
222,222.0,222.0,222.0,222.0,222.0,222.0,2023-08-08 00:00:00+05:30,449.4637995823264,449.7609863789503,445.79833451658067,447.4329223632813,98919,0.0,0.0
223,223.0,223.0,223.0,223.0,223.0,223.0,2023-08-09 00:00:00+05:30,451.7422908491994,451.7422908491994,444.85717147237,447.4824523925781,32244,0.0,0.0
224,224.0,224.0,224.0,224.0,224.0,224.0,2023-08-10 00:00:00+05:30,451.39556344021537,451.39556344021537,435.8916944456634,439.5571594238281,88720,0.0,0.0
225,225.0,225.0,225.0,225.0,225.0,225.0,2023-08-11 00:00:00+05:30,445.798317155604,460.0638572580567,440.3496710570355,456.1507568359375,676050,0.0,0.0
226,226.0,226.0,226.0,226.0,226.0,226.0,2023-08-14 00:00:00+05:30,459.5685174056249,483.44349955733975,458.0330019898381,471.90228271484375,711974,0.0,0.0
227,227.0,227.0,227.0,227.0,227.0,227.0,2023-08-16 00:00:00+05:30,474.9238014889752,476.50886821980896,466.8003836214816,469.6237487792969,126614,0.0,0.0
228,228.0,228.0,228.0,228.0,228.0,228.0,2023-08-17 00:00:00+05:30,472.9920309301127,475.46868827034234,467.59290583535864,471.3078918457031,114035,0.0,0.0
229,229.0,229.0,229.0,229.0,229.0,229.0,2023-08-18 00:00:00+05:30,474.0322251624925,487.2575816916093,469.97050099022647,479.6790161132813,356054,0.0,0.0
230,230.0,230.0,230.0,230.0,230.0,230.0,2023-08-21 00:00:00+05:30,488.6444705005448,575.575139099476,482.650972108999,566.9563598632812,5563800,0.0,0.0
231,231.0,231.0,231.0,231.0,231.0,231.0,2023-08-22 00:00:00+05:30,567.9965808550623,569.0863463843241,531.0448647401529,537.3851318359375,1704622,0.0,0.0
232,232.0,232.0,232.0,232.0,232.0,232.0,2023-08-23 00:00:00+05:30,532.4813212327479,540.8029139739335,515.4914279133545,517.6708984375,655626,0.0,0.0
233,233.0,233.0,233.0,233.0,233.0,233.0,2023-08-24 00:00:00+05:30,520.5438490517063,533.8186960444959,512.7175877127337,514.6989135742188,524430,0.0,0.0
234,234.0,234.0,234.0,234.0,234.0,234.0,2023-08-25 00:00:00+05:30,515.1447375267603,525.4971775181882,512.1232276016282,520.5933837890625,253961,0.0,0.0
235,235.0,235.0,235.0,235.0,235.0,235.0,2023-08-28 00:00:00+05:30,526.7850140056023,533.9177992078993,519.2064183909241,530.5,363366,0.0,0.0
236,236.0,236.0,236.0,236.0,236.0,236.0,2023-08-29 00:00:00+05:30,534.4500122070312,543.0,530.0999755859375,539.3499755859375,260682,5.0,0.0
237,237.0,237.0,237.0,237.0,237.0,237.0,2023-08-30 00:00:00+05:30,539.3499755859375,539.3499755859375,530.0,532.0499877929688,133300,0.0,0.0
238,238.0,238.0,238.0,238.0,238.0,238.0,2023-08-31 00:00:00+05:30,532.0,557.9500122070312,527.0,546.6500244140625,1277329,0.0,0.0
239,239.0,239.0,239.0,239.0,239.0,239.0,2023-09-01 00:00:00+05:30,545.9000244140625,555.0,542.0499877929688,546.9000244140625,208099,0.0,0.0
240,240.0,240.0,240.0,240.0,240.0,240.0,2023-09-04 00:00:00+05:30,554.5499877929688,567.9500122070312,550.7000122070312,565.3499755859375,334957,0.0,0.0
241,241.0,241.0,241.0,241.0,241.0,241.0,2023-09-05 00:00:00+05:30,567.0,583.9500122070312,562.0499877929688,577.4000244140625,395031,0.0,0.0
242,242.0,242.0,242.0,242.0,242.0,242.0,2023-09-06 00:00:00+05:30,577.4000244140625,597.4500122070312,575.9000244140625,590.5999755859375,394399,0.0,0.0
243,243.0,243.0,243.0,243.0,243.0,243.0,2023-09-07 00:00:00+05:30,592.0,606.9000244140625,586.0,589.0999755859375,382071,0.0,0.0
244,244.0,244.0,244.0,244.0,244.0,244.0,2023-09-08 00:00:00+05:30,595.1500244140625,603.8499755859375,587.2000122070312,593.7999877929688,294437,0.0,0.0
245,245.0,245.0,245.0,245.0,245.0,245.0,2023-09-11 00:00:00+05:30,603.25,611.3499755859375,589.4000244140625,591.0,343155,0.0,0.0
246,246.0,246.0,246.0,246.0,246.0,246.0,2023-09-12 00:00:00+05:30,592.0,598.25,563.0,573.9500122070312,259093,0.0,0.0
247,247.0,247.0,247.0,247.0,247.0,247.0,2023-09-13 00:00:00+05:30,579.6500244140625,591.0,567.0,570.6500244140625,252581,0.0,0.0
248,248.0,248.0,248.0,248.0,248.0,248.0,2023-09-14 00:00:00+05:30,570.9500122070312,573.8499755859375,552.3499755859375,554.9500122070312,292769,0.0,0.0
249,249.0,249.0,249.0,249.0,249.0,249.0,2023-09-15 00:00:00+05:30,550.0,569.9500122070312,527.2999877929688,545.8499755859375,2605985,0.0,0.0
250,250.0,250.0,250.0,250.0,250.0,250.0,2023-09-18 00:00:00+05:30,554.5499877929688,585.0,545.5999755859375,550.8499755859375,728311,0.0,0.0
251,251.0,251.0,251.0,251.0,251.0,251.0,2023-09-20 00:00:00+05:30,549.0,561.5,541.2000122070312,546.6500244140625,270828,0.0,0.0
252,252.0,252.0,252.0,252.0,252.0,252.0,2023-09-21 00:00:00+05:30,549.75,566.7999877929688,545.1500244140625,546.8499755859375,289094,0.0,0.0
253,253.0,253.0,253.0,253.0,253.0,253.0,2023-09-22 00:00:00+05:30,549.0999755859375,556.0,535.0,537.7999877929688,270836,0.0,0.0
254,254.0,254.0,254.0,254.0,254.0,254.0,2023-09-25 00:00:00+05:30,538.0,544.6500244140625,527.0499877929688,529.3499755859375,246739,0.0,0.0
255,255.0,255.0,255.0,255.0,255.0,255.0,2023-09-26 00:00:00+05:30,530.2999877929688,547.0,530.2999877929688,541.5499877929688,338603,0.0,0.0
256,256.0,256.0,256.0,256.0,256.0,256.0,2023-09-27 00:00:00+05:30,545.0,545.7000122070312,529.6500244140625,538.0,326527,0.0,0.0
257,257.0,257.0,257.0,257.0,257.0,257.0,2023-09-28 00:00:00+05:30,542.7999877929688,547.6500244140625,537.5499877929688,540.5,392990,0.0,0.0
258,258.0,258.0,258.0,258.0,258.0,258.0,2023-09-29 00:00:00+05:30,531.0999755859375,550.5,525.0,546.7000122070312,268476,0.0,0.0
259,259.0,259.0,259.0,259.0,259.0,259.0,2023-10-03 00:00:00+05:30,546.7000122070312,562.0,546.7000122070312,558.9500122070312,191712,0.0,0.0
260,260.0,260.0,260.0,260.0,260.0,260.0,2023-10-04 00:00:00+05:30,560.0,570.0,555.9000244140625,560.25,174081,0.0,0.0
261,261.0,261.0,261.0,261.0,261.0,261.0,2023-10-05 00:00:00+05:30,560.25,566.1500244140625,555.0499877929688,558.5,68374,0.0,0.0
262,262.0,262.0,262.0,262.0,262.0,262.0,2023-10-06 00:00:00+05:30,563.4000244140625,565.7000122070312,550.5499877929688,557.0499877929688,110920,0.0,0.0
263,263.0,263.0,263.0,263.0,263.0,263.0,2023-10-09 00:00:00+05:30,556.9000244140625,568.0,548.0,557.4500122070312,163475,0.0,0.0
264,264.0,264.0,264.0,264.0,264.0,264.0,2023-10-10 00:00:00+05:30,557.4500122070312,563.0499877929688,551.2000122070312,552.5,88415,0.0,0.0
265,265.0,265.0,265.0,265.0,265.0,265.0,2023-10-11 00:00:00+05:30,559.6500244140625,559.6500244140625,547.0,549.4000244140625,71346,0.0,0.0
266,266.0,266.0,266.0,266.0,266.0,266.0,2023-10-12 00:00:00+05:30,550.75,556.3499755859375,547.1500244140625,549.2999877929688,82644,0.0,0.0
267,267.0,267.0,267.0,267.0,267.0,267.0,2023-10-13 00:00:00+05:30,549.2999877929688,576.0,549.2999877929688,572.6500244140625,430386,0.0,0.0
268,268.0,268.0,268.0,268.0,268.0,268.0,2023-10-16 00:00:00+05:30,576.7000122070312,594.0,571.6500244140625,587.4000244140625,485714,0.0,0.0
269,269.0,269.0,269.0,269.0,269.0,269.0,2023-10-17 00:00:00+05:30,591.2999877929688,595.0,565.5999755859375,590.7999877929688,225085,0.0,0.0
270,270.0,270.0,270.0,270.0,270.0,270.0,2023-10-18 00:00:00+05:30,592.9500122070312,600.0,584.3499755859375,597.1500244140625,538223,0.0,0.0
271,271.0,271.0,271.0,271.0,271.0,271.0,2023-10-19 00:00:00+05:30,595.2000122070312,596.9500122070312,564.5999755859375,576.2000122070312,139291,0.0,0.0
272,272.0,272.0,272.0,272.0,272.0,272.0,2023-10-20 00:00:00+05:30,579.0,591.9500122070312,578.2000122070312,583.3499755859375,73279,0.0,0.0
273,273.0,273.0,273.0,273.0,273.0,273.0,2023-10-23 00:00:00+05:30,590.0,594.9500122070312,565.2000122070312,571.75,111143,0.0,0.0
274,274.0,274.0,274.0,274.0,274.0,274.0,2023-10-25 00:00:00+05:30,571.9500122070312,581.0,561.0499877929688,566.25,89493,0.0,0.0
275,275.0,275.0,275.0,275.0,275.0,275.0,2023-10-26 00:00:00+05:30,563.0499877929688,566.25,552.0,554.5999755859375,107405,0.0,0.0
276,276.0,276.0,276.0,276.0,276.0,276.0,2023-10-27 00:00:00+05:30,558.0,575.0,555.0999755859375,565.4000244140625,196822,0.0,0.0
277,277.0,277.0,277.0,277.0,277.0,277.0,2023-10-30 00:00:00+05:30,541.0,557.25,541.0,548.3499755859375,152539,0.0,0.0
278,278.0,278.0,278.0,278.0,278.0,278.0,2023-10-31 00:00:00+05:30,542.0,565.8499755859375,538.0,540.7000122070312,113734,0.0,0.0
279,279.0,279.0,279.0,279.0,279.0,279.0,2023-11-01 00:00:00+05:30,545.0,549.4000244140625,538.5,540.6500244140625,49228,0.0,0.0
280,280.0,280.0,280.0,280.0,280.0,280.0,2023-11-02 00:00:00+05:30,550.0,554.0,539.7999877929688,545.25,42579,0.0,0.0
281,281.0,281.0,281.0,281.0,281.0,281.0,2023-11-03 00:00:00+05:30,549.7000122070312,550.6500244140625,533.75,534.8499755859375,106806,0.0,0.0
282,282.0,282.0,282.0,282.0,282.0,282.0,2023-11-06 00:00:00+05:30,537.0,541.2000122070312,528.0,530.0499877929688,123541,0.0,0.0
283,283.0,283.0,283.0,283.0,283.0,283.0,2023-11-07 00:00:00+05:30,535.3499755859375,539.4000244140625,528.25,537.7000122070312,69753,0.0,0.0
284,284.0,284.0,284.0,284.0,284.0,284.0,2023-11-08 00:00:00+05:30,540.0,540.0,532.4500122070312,537.0499877929688,46546,0.0,0.0
285,285.0,285.0,285.0,285.0,285.0,285.0,2023-11-09 00:00:00+05:30,539.0,539.9000244140625,521.0999755859375,526.25,119542,0.0,0.0
286,286.0,286.0,286.0,286.0,286.0,286.0,2023-11-10 00:00:00+05:30,528.0,531.0,521.5999755859375,523.25,87432,0.0,0.0
287,287.0,287.0,287.0,287.0,287.0,287.0,2023-11-13 00:00:00+05:30,531.9500122070312,531.9500122070312,525.7000122070312,530.3499755859375,35791,0.0,0.0
288,288.0,288.0,288.0,288.0,288.0,288.0,2023-11-15 00:00:00+05:30,531.0,536.7000122070312,523.9000244140625,525.0,152062,0.0,0.0
289,289.0,289.0,289.0,289.0,289.0,289.0,2023-11-16 00:00:00+05:30,529.0,530.5,521.0,522.5999755859375,242401,0.0,0.0
290,290.0,290.0,290.0,290.0,290.0,290.0,2023-11-17 00:00:00+05:30,524.1500244140625,541.0499877929688,520.0999755859375,523.3499755859375,293451,0.0,0.0
291,291.0,291.0,291.0,291.0,291.0,291.0,2023-11-20 00:00:00+05:30,523.4500122070312,528.3499755859375,521.4500122070312,523.7999877929688,56361,0.0,0.0
292,292.0,292.0,292.0,292.0,292.0,292.0,2023-11-21 00:00:00+05:30,523.7999877929688,527.0499877929688,515.0,518.9500122070312,78841,0.0,0.0
293,293.0,293.0,293.0,293.0,293.0,293.0,2023-11-22 00:00:00+05:30,519.0,522.5499877929688,510.2999877929687,512.4000244140625,89283,0.0,0.0
294,294.0,294.0,294.0,294.0,294.0,294.0,2023-11-23 00:00:00+05:30,515.5,516.7000122070312,511.6000061035156,512.2000122070312,89411,0.0,0.0
295,295.0,295.0,295.0,295.0,295.0,295.0,2023-11-24 00:00:00+05:30,516.0,516.75,510.0499877929687,513.0499877929688,57641,0.0,0.0
296,296.0,296.0,296.0,296.0,296.0,296.0,2023-11-28 00:00:00+05:30,513.0499877929688,531.75,513.0499877929688,529.0999755859375,145017,0.0,0.0
297,297.0,297.0,297.0,297.0,297.0,297.0,2023-11-29 00:00:00+05:30,530.0,536.2999877929688,517.2000122070312,519.0999755859375,194045,0.0,0.0
298,298.0,298.0,298.0,298.0,298.0,298.0,2023-11-30 00:00:00+05:30,522.7999877929688,535.0,517.3499755859375,522.9500122070312,452268,0.0,0.0
299,299.0,299.0,299.0,299.0,299.0,299.0,2023-12-01 00:00:00+05:30,527.0,532.0499877929688,511.0499877929687,515.5999755859375,205574,0.0,0.0
300,300.0,300.0,300.0,300.0,300.0,300.0,2023-12-04 00:00:00+05:30,525.25,529.4000244140625,515.6500244140625,518.9500122070312,160428,0.0,0.0
301,301.0,301.0,301.0,301.0,301.0,301.0,2023-12-05 00:00:00+05:30,523.0,527.0,517.5999755859375,519.7000122070312,132516,0.0,0.0
302,302.0,302.0,302.0,302.0,302.0,302.0,2023-12-06 00:00:00+05:30,521.0,525.2000122070312,517.0,518.0,208752,0.0,0.0
303,303.0,303.0,303.0,303.0,303.0,303.0,2023-12-07 00:00:00+05:30,519.9500122070312,522.0,514.0499877929688,514.7000122070312,110145,0.0,0.0
304,304.0,304.0,304.0,304.0,304.0,304.0,2023-12-08 00:00:00+05:30,516.0,519.9000244140625,510.0,512.8499755859375,97052,0.0,0.0
305,305.0,305.0,305.0,305.0,305.0,305.0,2023-12-11 00:00:00+05:30,515.0,518.8499755859375,506.8999938964844,509.7000122070313,287005,0.0,0.0
306,306.0,306.0,306.0,306.0,306.0,306.0,2023-12-12 00:00:00+05:30,512.0,514.7000122070312,493.5499877929687,495.8999938964844,274828,0.0,0.0
307,307.0,307.0,307.0,307.0,307.0,307.0,2023-12-13 00:00:00+05:30,499.7000122070313,504.5,495.0,502.1000061035156,77773,0.0,0.0
308,308.0,308.0,308.0,308.0,308.0,308.0,2023-12-14 00:00:00+05:30,510.0,510.0,503.4500122070313,506.7000122070313,61734,0.0,0.0
309,309.0,309.0,309.0,309.0,309.0,309.0,2023-12-15 00:00:00+05:30,509.2000122070313,535.0,505.1000061035156,526.6500244140625,237775,0.0,0.0
310,310.0,310.0,310.0,310.0,310.0,310.0,2023-12-18 00:00:00+05:30,532.3499755859375,545.25,521.0,522.9000244140625,195405,0.0,0.0
311,311.0,311.0,311.0,311.0,311.0,311.0,2023-12-19 00:00:00+05:30,523.9000244140625,524.6500244140625,515.0,520.0,153256,0.0,0.0
312,312.0,312.0,312.0,312.0,312.0,312.0,2023-12-20 00:00:00+05:30,520.0,523.5,507.0,509.0499877929687,86822,0.0,0.0
313,313.0,313.0,313.0,313.0,313.0,313.0,2023-12-21 00:00:00+05:30,508.0,517.0999755859375,505.0499877929687,509.75,111632,0.0,0.0
314,314.0,314.0,314.0,314.0,314.0,314.0,2023-12-22 00:00:00+05:30,510.5499877929687,517.0,505.25,506.7000122070313,109841,0.0,0.0
315,315.0,315.0,315.0,315.0,315.0,315.0,2023-12-26 00:00:00+05:30,509.9500122070313,510.7999877929687,505.5499877929687,507.7999877929687,71162,0.0,0.0
316,316.0,316.0,316.0,316.0,316.0,316.0,2023-12-27 00:00:00+05:30,509.7000122070313,512.7000122070312,505.6000061035156,508.25,101638,0.0,0.0
317,317.0,317.0,317.0,317.0,317.0,317.0,2023-12-28 00:00:00+05:30,510.7999877929687,511.0,504.0,504.9500122070313,90330,0.0,0.0
318,318.0,318.0,318.0,318.0,318.0,318.0,2023-12-29 00:00:00+05:30,505.5499877929687,509.4500122070313,503.0,504.4500122070313,121314,0.0,0.0
319,319.0,319.0,319.0,319.0,319.0,319.0,2024-01-01 00:00:00+05:30,510.0,512.0,502.8500061035156,503.8500061035156,101232,0.0,0.0
320,320.0,320.0,320.0,320.0,320.0,320.0,2024-01-02 00:00:00+05:30,504.0499877929687,508.2999877929687,500.25,501.7999877929687,103034,0.0,0.0
321,321.0,321.0,321.0,321.0,321.0,321.0,2024-01-03 00:00:00+05:30,503.7999877929687,506.0,500.0499877929687,500.6499938964844,75708,0.0,0.0
322,322.0,322.0,322.0,322.0,322.0,322.0,2024-01-04 00:00:00+05:30,502.0,505.8999938964844,499.1499938964844,500.3999938964844,134220,0.0,0.0
323,323.0,323.0,323.0,323.0,323.0,323.0,2024-01-05 00:00:00+05:30,502.0,506.3500061035156,499.1499938964844,500.1000061035156,153655,0.0,0.0
324,324.0,324.0,324.0,324.0,324.0,324.0,2024-01-08 00:00:00+05:30,502.5499877929687,503.9500122070313,494.1000061035156,495.5,99294,0.0,0.0
325,325.0,325.0,325.0,325.0,325.0,325.0,2024-01-09 00:00:00+05:30,498.0499877929687,501.0,495.5,497.75,54235,0.0,0.0
326,326.0,326.0,326.0,326.0,326.0,326.0,2024-01-10 00:00:00+05:30,498.0,501.1000061035156,491.5499877929687,494.6000061035156,82491,0.0,0.0
327,327.0,327.0,327.0,327.0,327.0,327.0,2024-01-11 00:00:00+05:30,498.0,498.8500061035156,491.3999938964844,493.1499938964844,85485,0.0,0.0
328,328.0,328.0,328.0,328.0,328.0,328.0,2024-01-12 00:00:00+05:30,496.0,497.8999938964844,492.1000061035156,495.6499938964844,86902,0.0,0.0
329,329.0,329.0,329.0,329.0,329.0,329.0,2024-01-15 00:00:00+05:30,495.6499938964844,495.6499938964844,495.6499938964844,495.6499938964844,0,0.0,0.0
330,330.0,330.0,330.0,330.0,330.0,330.0,2024-01-16 00:00:00+05:30,503.8999938964844,514.7000122070312,503.1000061035156,511.5499877929687,240278,0.0,0.0
331,331.0,331.0,331.0,331.0,331.0,331.0,2024-01-17 00:00:00+05:30,511.5499877929687,511.5499877929687,494.7999877929687,503.1499938964844,110144,0.0,0.0
332,332.0,332.0,332.0,332.0,332.0,332.0,2024-01-18 00:00:00+05:30,502.0,505.25,493.0,494.5499877929687,164025,0.0,0.0
333,333.0,333.0,333.0,333.0,333.0,333.0,2024-01-19 00:00:00+05:30,495.0,504.8500061035156,495.0,503.6000061035156,65713,0.0,0.0
334,334.0,334.0,334.0,334.0,334.0,334.0,2024-01-23 00:00:00+05:30,508.0,512.0,492.0,493.7000122070313,159514,0.0,0.0
335,335.0,335.0,335.0,335.0,335.0,335.0,2024-01-24 00:00:00+05:30,501.0,507.0,494.2999877929687,504.7999877929687,111526,0.0,0.0
336,336.0,336.0,336.0,336.0,336.0,336.0,2024-01-25 00:00:00+05:30,505.6000061035156,506.0,499.0499877929687,502.25,45736,0.0,0.0
337,337.0,337.0,337.0,337.0,337.0,337.0,2024-01-29 00:00:00+05:30,502.25,504.7999877929687,498.8500061035156,500.3500061035156,43828,0.0,0.0
338,338.0,338.0,338.0,338.0,338.0,338.0,2024-01-30 00:00:00+05:30,503.0,503.0,498.0499877929687,499.25,54623,0.0,0.0
339,339.0,339.0,339.0,339.0,339.0,339.0,2024-01-31 00:00:00+05:30,505.0,511.0,498.6499938964844,504.8999938964844,217460,0.0,0.0
340,340.0,340.0,340.0,340.0,340.0,340.0,2024-02-01 00:00:00+05:30,507.4500122070313,507.4500122070313,497.8999938964844,499.75,157978,0.0,0.0
341,341.0,341.0,341.0,341.0,341.0,341.0,2024-02-02 00:00:00+05:30,505.8500061035156,505.8500061035156,490.5,494.7000122070313,134645,0.0,0.0
342,342.0,342.0,342.0,342.0,342.0,342.0,2024-02-05 00:00:00+05:30,497.0,499.3999938964844,492.5,496.3500061035156,84816,0.0,0.0
343,343.0,343.0,343.0,343.0,343.0,343.0,2024-02-06 00:00:00+05:30,495.0,508.4500122070313,495.0,499.75,103741,0.0,0.0
344,344.0,344.0,344.0,344.0,344.0,344.0,2024-02-07 00:00:00+05:30,501.0,514.0,500.0,504.8500061035156,180566,0.0,0.0
345,345.0,345.0,345.0,345.0,345.0,345.0,2024-02-08 00:00:00+05:30,507.9500122070313,507.9500122070313,496.0,497.0,115992,0.0,0.0
346,346.0,346.0,346.0,346.0,346.0,346.0,2024-02-09 00:00:00+05:30,497.0,498.0499877929687,490.0,493.6499938964844,51222,0.0,0.0
347,347.0,347.0,347.0,347.0,347.0,347.0,2024-02-12 00:00:00+05:30,499.8500061035156,499.8500061035156,485.5,487.1000061035156,54753,0.0,0.0
348,348.0,348.0,348.0,348.0,348.0,348.0,2024-02-13 00:00:00+05:30,487.1000061035156,494.2999877929687,478.7000122070313,493.0,101241,0.0,0.0
349,349.0,349.0,349.0,349.0,349.0,349.0,2024-02-14 00:00:00+05:30,485.2999877929687,489.1499938964844,477.3500061035156,479.7000122070313,100325,0.0,0.0
350,350.0,350.0,350.0,350.0,350.0,350.0,2024-02-15 00:00:00+05:30,480.25,483.2999877929687,469.8500061035156,471.75,176942,0.0,0.0
351,351.0,351.0,351.0,351.0,351.0,351.0,2024-02-16 00:00:00+05:30,473.5,507.7000122070313,468.0499877929687,498.6000061035156,532798,0.0,0.0
352,352.0,352.0,352.0,352.0,352.0,352.0,2024-02-19 00:00:00+05:30,499.0,504.7000122070313,491.5499877929687,496.1499938964844,72960,0.0,0.0
353,353.0,353.0,353.0,353.0,353.0,353.0,2024-02-20 00:00:00+05:30,495.5,500.0,489.25,491.1499938964844,69766,0.0,0.0
354,354.0,354.0,354.0,354.0,354.0,354.0,2024-02-21 00:00:00+05:30,490.5,497.0,490.5,491.6499938964844,46067,0.0,0.0
355,355.0,355.0,355.0,355.0,355.0,355.0,2024-02-22 00:00:00+05:30,492.0,494.3500061035156,484.7999877929687,490.3999938964844,86793,0.0,0.0
356,356.0,356.0,356.0,356.0,356.0,356.0,2024-02-23 00:00:00+05:30,494.8999938964844,497.3500061035156,489.7000122070313,490.7000122070313,36351,0.0,0.0
357,357.0,357.0,357.0,357.0,357.0,357.0,2024-02-26 00:00:00+05:30,495.0,495.0499877929687,480.6000061035156,483.25,81632,0.0,0.0
358,358.0,358.0,358.0,358.0,358.0,358.0,2024-02-27 00:00:00+05:30,488.1000061035156,489.25,480.1000061035156,481.0499877929687,79944,0.0,0.0
359,359.0,359.0,359.0,359.0,359.0,359.0,2024-02-28 00:00:00+05:30,485.8500061035156,485.8999938964844,469.0,476.1000061035156,86660,0.0,0.0
360,360.0,360.0,360.0,360.0,360.0,360.0,2024-02-29 00:00:00+05:30,480.8500061035156,490.1499938964844,474.2000122070313,484.75,109959,0.0,0.0
361,361.0,361.0,361.0,361.0,361.0,361.0,2024-03-01 00:00:00+05:30,485.2999877929687,487.5,483.0,484.0499877929687,34588,0.0,0.0
362,362.0,362.0,362.0,362.0,362.0,362.0,2024-03-04 00:00:00+05:30,490.0,490.0,480.9500122070313,483.8999938964844,43198,0.0,0.0
363,363.0,363.0,363.0,363.0,363.0,363.0,2024-03-05 00:00:00+05:30,481.6499938964844,488.0,480.8999938964844,482.2999877929687,45890,0.0,0.0
364,364.0,364.0,364.0,364.0,364.0,364.0,2024-03-06 00:00:00+05:30,482.0,484.6000061035156,475.5499877929687,477.3999938964844,60146,0.0,0.0
365,365.0,365.0,365.0,365.0,365.0,365.0,2024-03-07 00:00:00+05:30,478.0499877929687,486.5499877929687,477.1000061035156,483.9500122070313,43539,0.0,0.0
366,366.0,366.0,366.0,366.0,366.0,366.0,2024-03-11 00:00:00+05:30,490.0,490.0,478.7999877929687,480.2999877929687,61482,0.0,0.0
367,367.0,367.0,367.0,367.0,367.0,367.0,2024-03-12 00:00:00+05:30,480.2999877929687,483.0,465.0,468.1499938964844,122155,0.0,0.0
368,368.0,368.0,368.0,368.0,368.0,368.0,2024-03-13 00:00:00+05:30,472.8500061035156,472.8500061035156,451.0,453.3999938964844,206378,0.0,0.0
369,369.0,369.0,369.0,369.0,369.0,369.0,2024-03-14 00:00:00+05:30,453.3999938964844,466.0,451.0,455.5499877929687,93991,0.0,0.0
370,370.0,370.0,370.0,370.0,370.0,370.0,2024-03-15 00:00:00+05:30,455.0499877929687,466.5,455.0499877929687,462.7999877929687,87624,0.0,0.0
371,371.0,371.0,371.0,371.0,371.0,371.0,2024-03-18 00:00:00+05:30,469.7999877929687,470.0,461.3999938964844,467.0499877929687,84485,0.0,0.0
372,372.0,372.0,372.0,372.0,372.0,372.0,2024-03-19 00:00:00+05:30,469.9500122070313,470.0,461.0499877929687,464.2999877929687,64874,0.0,0.0
373,373.0,373.0,373.0,373.0,373.0,373.0,2024-03-20 00:00:00+05:30,460.0,463.8999938964844,456.1000061035156,460.7999877929687,88419,0.0,0.0
374,374.0,374.0,374.0,374.0,374.0,374.0,2024-03-21 00:00:00+05:30,465.0,470.0,460.0,462.6000061035156,62857,0.0,0.0
375,375.0,375.0,375.0,375.0,375.0,375.0,2024-03-22 00:00:00+05:30,462.6000061035156,466.0,459.5499877929687,462.3999938964844,60997,0.0,0.0
376,376.0,376.0,376.0,376.0,376.0,376.0,2024-03-26 00:00:00+05:30,462.3999938964844,467.4500122070313,455.0,456.3500061035156,120870,0.0,0.0
377,377.0,377.0,377.0,377.0,377.0,377.0,2024-03-27 00:00:00+05:30,457.0,495.6000061035156,450.9500122070313,476.25,453641,0.0,0.0
378,378.0,378.0,378.0,378.0,378.0,378.0,2024-03-28 00:00:00+05:30,486.9500122070313,490.0,474.5499877929687,485.6000061035156,145568,0.0,0.0
379,379.0,379.0,379.0,379.0,379.0,379.0,2024-04-01 00:00:00+05:30,490.0,494.5,482.75,493.6499938964844,73076,0.0,0.0
380,380.0,380.0,380.0,380.0,380.0,380.0,2024-04-02 00:00:00+05:30,495.0,498.5499877929687,491.2000122070313,492.0499877929687,31494,0.0,0.0
381,381.0,381.0,381.0,381.0,381.0,381.0,2024-04-03 00:00:00+05:30,485.0,499.0,484.0,491.3500061035156,68294,0.0,0.0
382,382.0,382.0,382.0,382.0,382.0,382.0,2024-04-04 00:00:00+05:30,496.25,499.0,491.7000122070313,494.5,71159,0.0,0.0
383,383.0,383.0,383.0,383.0,383.0,383.0,2024-04-05 00:00:00+05:30,497.8500061035156,502.0,492.6000061035156,495.4500122070313,159285,0.0,0.0
384,384.0,384.0,384.0,384.0,384.0,384.0,2024-04-08 00:00:00+05:30,500.0,504.1000061035156,493.3999938964844,498.8999938964844,133729,0.0,0.0
385,385.0,385.0,385.0,385.0,385.0,385.0,2024-04-09 00:00:00+05:30,501.0,501.0,492.0,497.9500122070313,61169,0.0,0.0
386,386.0,386.0,386.0,386.0,386.0,386.0,2024-04-10 00:00:00+05:30,499.8999938964844,499.8999938964844,491.0,495.9500122070313,53274,0.0,0.0
387,387.0,387.0,387.0,387.0,387.0,387.0,2024-04-12 00:00:00+05:30,495.8999938964844,495.8999938964844,488.0,490.2999877929687,41619,0.0,0.0
388,388.0,388.0,388.0,388.0,388.0,388.0,2024-04-15 00:00:00+05:30,475.0499877929687,488.9500122070313,475.0499877929687,482.9500122070313,73803,0.0,0.0
389,389.0,389.0,389.0,389.0,389.0,389.0,2024-04-16 00:00:00+05:30,488.8999938964844,494.9500122070313,480.0,485.75,42369,0.0,0.0
390,390.0,390.0,390.0,390.0,390.0,390.0,2024-04-18 00:00:00+05:30,490.0,490.0,480.0499877929687,482.1499938964844,91501,0.0,0.0
391,391.0,391.0,391.0,391.0,391.0,391.0,2024-04-19 00:00:00+05:30,484.8999938964844,485.5499877929687,477.0,482.2000122070313,75933,0.0,0.0
392,392.0,392.0,392.0,392.0,392.0,392.0,2024-04-22 00:00:00+05:30,489.9500122070313,502.0,487.0,496.8999938964844,158583,0.0,0.0
393,393.0,393.0,393.0,393.0,393.0,393.0,2024-04-23 00:00:00+05:30,501.7999877929687,503.0,492.0499877929687,494.2000122070313,171384,0.0,0.0
394,394.0,394.0,394.0,394.0,394.0,394.0,2024-04-24 00:00:00+05:30,499.7000122070313,499.7000122070313,492.2999877929687,493.75,107763,0.0,0.0
395,395.0,395.0,395.0,395.0,395.0,395.0,2024-04-25 00:00:00+05:30,493.0,499.8999938964844,486.0,491.2999877929687,101834,0.0,0.0
396,396.0,396.0,396.0,396.0,396.0,396.0,2024-04-26 00:00:00+05:30,496.5,496.5,486.0,487.9500122070313,50057,0.0,0.0
397,397.0,397.0,397.0,397.0,397.0,397.0,2024-04-29 00:00:00+05:30,496.9500122070313,496.9500122070313,485.1000061035156,488.4500122070313,61792,0.0,0.0
398,398.0,398.0,398.0,398.0,398.0,398.0,2024-04-30 00:00:00+05:30,493.2999877929687,493.2999877929687,485.0,486.0,48192,0.0,0.0
399,399.0,399.0,399.0,399.0,399.0,399.0,2024-05-02 00:00:00+05:30,486.0,491.1499938964844,484.0499877929687,485.0,45213,0.0,0.0
400,400.0,400.0,400.0,400.0,400.0,400.0,2024-05-03 00:00:00+05:30,489.9500122070313,489.9500122070313,475.5499877929687,479.7000122070313,77539,0.0,0.0
401,401.0,401.0,401.0,401.0,401.0,401.0,2024-05-06 00:00:00+05:30,484.0,488.0,475.0,485.3999938964844,52988,0.0,0.0
402,402.0,402.0,402.0,402.0,402.0,402.0,2024-05-07 00:00:00+05:30,489.0,489.0,475.0,483.9500122070313,51372,0.0,0.0
403,403.0,403.0,403.0,403.0,403.0,403.0,2024-05-08 00:00:00+05:30,484.0,484.0,475.1499938964844,476.75,40850,0.0,0.0
404,404.0,404.0,404.0,404.0,404.0,404.0,2024-05-09 00:00:00+05:30,476.0,482.0,470.2000122070313,471.0,40291,0.0,0.0
405,405.0,405.0,405.0,405.0,405.0,405.0,2024-05-10 00:00:00+05:30,471.0,474.75,462.2000122070313,468.7000122070313,64653,0.0,0.0
406,406.0,406.0,406.0,406.0,406.0,406.0,2024-05-13 00:00:00+05:30,475.8999938964844,475.8999938964844,462.5499877929687,465.7000122070313,56938,0.0,0.0
407,407.0,407.0,407.0,407.0,407.0,407.0,2024-05-14 00:00:00+05:30,465.7000122070313,469.9500122070313,462.1000061035156,463.3500061035156,104991,0.0,0.0
408,408.0,408.0,408.0,408.0,408.0,408.0,2024-05-15 00:00:00+05:30,468.0,469.0,464.5,465.0499877929687,22101,0.0,0.0
409,409.0,409.0,409.0,409.0,409.0,409.0,2024-05-16 00:00:00+05:30,467.3500061035156,468.7999877929687,463.6499938964844,465.1499938964844,23660,0.0,0.0
410,410.0,410.0,410.0,410.0,410.0,410.0,2024-05-17 00:00:00+05:30,469.8999938964844,470.0,463.9500122070313,465.5499877929687,78182,0.0,0.0
411,411.0,411.0,411.0,411.0,411.0,411.0,2024-05-21 00:00:00+05:30,468.5,474.9500122070313,466.1000061035156,467.6499938964844,77251,0.0,0.0
412,412.0,412.0,412.0,412.0,412.0,412.0,2024-05-22 00:00:00+05:30,469.9500122070313,472.25,466.4500122070313,468.8500061035156,41429,0.0,0.0
413,413.0,413.0,413.0,413.0,413.0,413.0,2024-05-23 00:00:00+05:30,471.8999938964844,475.8999938964844,467.7000122070313,474.9500122070313,78181,0.0,0.0
414,414.0,414.0,414.0,414.0,414.0,414.0,2024-05-24 00:00:00+05:30,474.9500122070313,476.5,470.0,474.3999938964844,51656,0.0,0.0
415,415.0,415.0,415.0,415.0,415.0,415.0,2024-05-27 00:00:00+05:30,477.8999938964844,477.8999938964844,470.1000061035156,472.2999877929687,37099,0.0,0.0
416,416.0,416.0,416.0,416.0,416.0,416.0,2024-05-28 00:00:00+05:30,475.0,475.0,470.0,472.3500061035156,43407,0.0,0.0
417,417.0,417.0,417.0,417.0,417.0,417.0,2024-05-29 00:00:00+05:30,475.0,476.6499938964844,462.7000122070313,465.9500122070313,86223,0.0,0.0
418,418.0,418.0,418.0,418.0,418.0,418.0,2024-05-30 00:00:00+05:30,469.0,469.0,455.75,457.2999877929687,133810,0.0,0.0
419,419.0,419.0,419.0,419.0,419.0,419.0,2024-05-31 00:00:00+05:30,460.7999877929687,462.5499877929687,453.0,455.9500122070313,72804,0.0,0.0
420,420.0,420.0,420.0,420.0,420.0,420.0,2024-06-03 00:00:00+05:30,464.5,468.7000122070313,454.75,457.3999938964844,137872,0.0,0.0
421,421.0,421.0,421.0,421.0,421.0,421.0,2024-06-04 00:00:00+05:30,464.25,464.8999938964844,446.0,458.8500061035156,220113,0.0,0.0
422,422.0,422.0,422.0,422.0,422.0,422.0,2024-06-05 00:00:00+05:30,452.0,468.9500122070313,452.0,463.0499877929687,99931,0.0,0.0
423,423.0,423.0,423.0,423.0,423.0,423.0,2024-06-06 00:00:00+05:30,469.0,473.5499877929687,464.6499938964844,471.75,101307,0.0,0.0
424,424.0,424.0,424.0,424.0,424.0,424.0,2024-06-07 00:00:00+05:30,468.0,474.2999877929687,467.9500122070313,472.25,61194,0.0,0.0
425,425.0,425.0,425.0,425.0,425.0,425.0,2024-06-10 00:00:00+05:30,472.8999938964844,476.0,470.0499877929687,473.6499938964844,155893,0.0,0.0
426,426.0,426.0,426.0,426.0,426.0,426.0,2024-06-11 00:00:00+05:30,473.0,474.7000122070313,470.75,473.5,112634,0.0,0.0
427,427.0,427.0,427.0,427.0,427.0,427.0,2024-06-12 00:00:00+05:30,475.0,475.0,471.0499877929687,472.4500122070313,75988,0.0,0.0
428,428.0,428.0,428.0,428.0,428.0,428.0,2024-06-13 00:00:00+05:30,473.0,474.7999877929687,466.6000061035156,469.4500122070313,76001,0.0,0.0
429,429.0,429.0,429.0,429.0,429.0,429.0,2024-06-14 00:00:00+05:30,470.2000122070313,474.0,467.1000061035156,468.8500061035156,80469,0.0,0.0
430,430.0,430.0,430.0,430.0,430.0,430.0,2024-06-18 00:00:00+05:30,468.8500061035156,472.9500122070313,468.75,469.8999938964844,84867,0.0,0.0
431,431.0,431.0,431.0,431.0,431.0,431.0,2024-06-19 00:00:00+05:30,473.8500061035156,482.7999877929687,468.0,473.75,292656,0.0,0.0
432,432.0,432.0,432.0,432.0,432.0,432.0,2024-06-20 00:00:00+05:30,470.6000061035156,499.25,470.0499877929687,486.7999877929687,504165,0.0,0.0
433,433.0,433.0,433.0,433.0,433.0,433.0,2024-06-21 00:00:00+05:30,489.7999877929687,493.4500122070313,478.2999877929687,483.5,222312,0.0,0.0
434,434.0,434.0,434.0,434.0,434.0,434.0,2024-06-24 00:00:00+05:30,483.4500122070313,485.5,479.3999938964844,480.5499877929687,61638,0.0,0.0
435,435.0,435.0,435.0,435.0,435.0,435.0,2024-06-25 00:00:00+05:30,477.3999938964844,483.6499938964844,477.3999938964844,478.2000122070313,54977,0.0,0.0
436,436.0,436.0,436.0,436.0,436.0,436.0,2024-06-26 00:00:00+05:30,480.0,481.0,473.0,476.6499938964844,74083,0.0,0.0
437,437.0,437.0,437.0,437.0,437.0,437.0,2024-06-27 00:00:00+05:30,476.6499938964844,478.8500061035156,471.0,476.0499877929687,52625,0.0,0.0
438,438.0,438.0,438.0,438.0,438.0,438.0,2024-06-28 00:00:00+05:30,476.0,478.9500122070313,469.0,471.2999877929687,117521,0.0,0.0
439,439.0,439.0,439.0,439.0,439.0,439.0,2024-07-01 00:00:00+05:30,472.2000122070313,475.5,469.0,473.3999938964844,90268,0.0,0.0
440,440.0,440.0,440.0,440.0,440.0,440.0,2024-07-02 00:00:00+05:30,473.3999938964844,485.4500122070313,473.3999938964844,481.2000122070313,129356,0.0,0.0
441,441.0,441.0,441.0,441.0,441.0,441.0,2024-07-03 00:00:00+05:30,483.7000122070313,488.7000122070313,480.0,481.0,66085,0.0,0.0
442,442.0,442.0,442.0,442.0,442.0,442.0,2024-07-04 00:00:00+05:30,484.6000061035156,486.9500122070313,478.5499877929687,480.0499877929687,155493,0.0,0.0
443,443.0,443.0,443.0,443.0,443.0,443.0,2024-07-05 00:00:00+05:30,481.0,484.25,475.4500122070313,482.5,74004,0.0,0.0
444,444.0,444.0,444.0,444.0,444.0,444.0,2024-07-08 00:00:00+05:30,489.0,489.0,478.0,484.1000061035156,231721,0.0,0.0
445,445.0,445.0,445.0,445.0,445.0,445.0,2024-07-09 00:00:00+05:30,484.1000061035156,488.0,480.0,480.7000122070313,83170,0.0,0.0
446,446.0,446.0,446.0,446.0,446.0,446.0,2024-07-10 00:00:00+05:30,485.0,486.75,475.0,477.7999877929687,84998,0.0,0.0
447,447.0,447.0,447.0,447.0,447.0,447.0,2024-07-11 00:00:00+05:30,477.7999877929687,481.0,476.5499877929687,478.6499938964844,70702,0.0,0.0
448,448.0,448.0,448.0,448.0,448.0,448.0,2024-07-12 00:00:00+05:30,483.0,484.8999938964844,477.6499938964844,481.5,80227,0.0,0.0
449,449.0,449.0,449.0,449.0,449.0,449.0,2024-07-15 00:00:00+05:30,486.0,486.0,470.0,471.2999877929687,196513,0.0,0.0
450,450.0,450.0,450.0,450.0,450.0,450.0,2024-07-16 00:00:00+05:30,471.3500061035156,476.4500122070313,467.0499877929687,467.6499938964844,114341,0.0,0.0
451,451.0,451.0,451.0,451.0,451.0,451.0,2024-07-18 00:00:00+05:30,467.8500061035156,472.25,462.0,463.1000061035156,168139,0.0,0.0
452,452.0,452.0,452.0,452.0,452.0,452.0,2024-07-19 00:00:00+05:30,463.1000061035156,466.9500122070313,460.9500122070313,462.8999938964844,78176,0.0,0.0
453,453.0,453.0,453.0,453.0,453.0,,2024-07-22 00:00:00+05:30,463.6499938964844,463.6499938964844,456.0,460.6499938964844,113283,0.0,0.0
454,454.0,454.0,454.0,454.0,454.0,,2024-07-23 00:00:00+05:30,469.0,469.0,455.3500061035156,456.2999877929687,137195,0.0,0.0
455,455.0,455.0,455.0,455.0,455.0,,2024-07-24 00:00:00+05:30,460.0,465.9500122070313,456.3500061035156,459.7000122070313,109339,0.0,0.0
456,456.0,456.0,456.0,456.0,456.0,,2024-07-25 00:00:00+05:30,459.0,461.0,454.75,456.8500061035156,89472,0.0,0.0
457,457.0,457.0,457.0,457.0,457.0,,2024-07-26 00:00:00+05:30,461.0,461.0,456.8999938964844,459.0,39060,0.0,0.0
458,458.0,458.0,458.0,458.0,,,2024-07-29 00:00:00+05:30,464.2999877929687,467.9500122070313,457.0499877929687,457.9500122070313,225639,0.0,0.0
459,459.0,459.0,459.0,459.0,,,2024-07-30 00:00:00+05:30,460.7999877929687,461.8999938964844,457.6000061035156,458.75,128637,0.0,0.0
460,460.0,460.0,460.0,460.0,,,2024-07-31 00:00:00+05:30,460.4500122070313,464.5,459.6499938964844,462.6000061035156,127776,0.0,0.0
461,461.0,461.0,461.0,461.0,,,2024-08-01 00:00:00+05:30,463.0,466.3999938964844,454.6499938964844,455.7000122070313,122688,0.0,0.0
462,462.0,462.0,462.0,462.0,,,2024-08-02 00:00:00+05:30,456.0499877929687,459.2000122070313,448.1000061035156,450.8999938964844,158974,0.0,0.0
463,463.0,463.0,463.0,463.0,,,2024-08-05 00:00:00+05:30,459.9500122070313,485.0,438.0499877929687,447.3999938964844,4642471,0.0,0.0
464,464.0,464.0,464.0,464.0,,,2024-08-06 00:00:00+05:30,452.0,463.7000122070313,450.0,453.8999938964844,223040,0.0,0.0
465,465.0,465.0,465.0,465.0,,,2024-08-07 00:00:00+05:30,459.7999877929687,459.7999877929687,447.0,451.5499877929687,178314,0.0,0.0
466,466.0,466.0,466.0,466.0,,,2024-08-08 00:00:00+05:30,456.0499877929687,456.0499877929687,449.0,450.7999877929687,166648,0.0,0.0
467,467.0,467.0,467.0,467.0,,,2024-08-09 00:00:00+05:30,456.0,456.0,449.5,451.5499877929687,89310,0.0,0.0
468,468.0,468.0,468.0,468.0,,,2024-08-12 00:00:00+05:30,451.0,452.6499938964844,444.0,449.1499938964844,96140,0.0,0.0
469,469.0,469.0,469.0,469.0,,,2024-08-13 00:00:00+05:30,450.0,454.0,448.0499877929687,449.7999877929687,69885,0.0,0.0
470,470.0,470.0,470.0,470.0,,,2024-08-14 00:00:00+05:30,449.0499877929687,452.3999938964844,445.1000061035156,447.1000061035156,57212,0.0,0.0
471,471.0,471.0,471.0,471.0,,,2024-08-16 00:00:00+05:30,450.0,453.2000122070313,450.0,451.0,58073,0.0,0.0
472,472.0,472.0,472.0,472.0,,,2024-08-19 00:00:00+05:30,460.0,471.3500061035156,460.0,462.5,271850,0.0,0.0
473,473.0,473.0,473.0,473.0,,,2024-08-20 00:00:00+05:30,467.7999877929687,467.7999877929687,461.2000122070313,462.8999938964844,86796,0.0,0.0
474,474.0,474.0,474.0,474.0,,,2024-08-21 00:00:00+05:30,462.8999938964844,464.2000122070313,455.1499938964844,457.7999877929687,112850,0.0,0.0
475,475.0,475.0,475.0,475.0,,,2024-08-22 00:00:00+05:30,467.0,474.6499938964844,460.0,462.0499877929687,125793,0.0,0.0
476,476.0,476.0,476.0,,,,2024-08-23 00:00:00+05:30,455.4878797051614,455.4878797051614,450.7860812913334,453.3818664550781,82430,0.0,0.0
477,477.0,477.0,477.0,,,,2024-08-26 00:00:00+05:30,453.52879311501835,456.4674246038846,451.6676658173975,453.4798278808594,105519,0.0,0.0
478,478.0,478.0,478.0,,,,2024-08-27 00:00:00+05:30,453.4798129052225,461.1692077991782,452.5492343404906,458.2795715332031,96451,0.0,0.0
479,479.0,479.0,479.0,,,,2024-08-28 00:00:00+05:30,461.3651415122139,464.00992179667605,456.3204967928114,458.0346984863281,107439,0.0,0.0
480,480.0,480.0,480.0,,,,2024-08-29 00:00:00+05:30,458.034691647929,458.4265031933649,455.4878717626382,457.3489990234375,61908,0.0,0.0
481,481.0,481.0,481.0,,,,2024-08-30 00:00:00+05:30,458.37754398943633,463.3242283389038,457.34900503917027,461.1692199707031,186616,0.0,0.0
482,482.0,482.0,482.0,,,,2024-09-02 00:00:00+05:30,461.16919962228314,463.0793219504208,454.5083138762459,455.8796691894531,110691,0.0,0.0
483,483.0,483.0,483.0,,,,2024-09-03 00:00:00+05:30,460.3855989946175,463.2752652435016,458.5734369348074,461.3651428222656,134267,0.0,0.0
484,484.0,484.0,484.0,,,,2024-09-04 00:00:00+05:30,455.48785527887736,461.169197215357,454.8021626792006,457.2020568847656,94265,0.0,0.0
485,485.0,485.0,485.0,,,,2024-09-05 00:00:00+05:30,460.33663132233545,467.0954777186475,457.49593032255774,462.6875305175781,116511,0.0,0.0
486,486.0,486.0,486.0,,,,2024-09-06 00:00:00+05:30,464.25479634013794,477.7235236009539,462.736485512936,472.7278442382813,366098,0.0,0.0
487,487.0,487.0,487.0,,,,2024-09-09 00:00:00+05:30,478.99691744664375,478.99691744664375,464.5976116519689,467.8790893554687,225177,0.0,0.0
488,488.0,488.0,488.0,,,,2024-09-10 00:00:00+05:30,472.0911366421526,475.4705447465535,468.5157779311621,474.8828125,224107,0.0,0.0
489,489.0,489.0,489.0,,,,2024-09-11 00:00:00+05:30,476.4990880994459,477.8214482999056,467.24238733640306,469.0055541992187,89911,0.0,0.0
490,490.0,490.0,490.0,,,,2024-09-12 00:00:00+05:30,473.90327739814586,473.90327739814586,462.8834096733649,464.6466064453125,93759,0.0,0.0
491,491.0,491.0,491.0,,,,2024-09-13 00:00:00+05:30,468.2219470751537,469.985113998031,464.4017321467162,467.4383239746094,73751,0.0,0.0
492,492.0,492.0,492.0,,,,2024-09-16 00:00:00+05:30,473.8543257019744,473.8543257019744,467.43832560069615,469.2504577636719,85428,0.0,0.0
493,493.0,493.0,493.0,,,,2024-09-17 00:00:00+05:30,470.18103065818207,486.4414639471052,469.2504520776825,484.5313415527344,470318,0.0,0.0
494,494.0,494.0,494.0,,,,2024-09-18 00:00:00+05:30,484.3844085064802,487.66588621112027,476.3521373990004,482.1314697265625,224076,0.0,0.0
495,495.0,495.0,495.0,,,,2024-09-19 00:00:00+05:30,488.7923699750484,488.7923699750484,474.0992125609688,478.8500061035156,206298,0.0,0.0
496,496.0,496.0,496.0,,,,2024-09-20 00:00:00+05:30,479.7999877929687,489.3999938964844,477.5499877929687,480.8500061035156,136904,10.0,0.0
497,497.0,497.0,497.0,,,,2024-09-23 00:00:00+05:30,484.0,485.9500122070313,478.2999877929687,480.8999938964844,126715,0.0,0.0
498,498.0,498.0,498.0,,,,2024-09-24 00:00:00+05:30,480.8999938964844,486.9500122070313,478.8500061035156,480.3500061035156,72734,0.0,0.0
499,499.0,499.0,499.0,,,,2024-09-25 00:00:00+05:30,482.75,482.75,476.0,477.0499877929687,29254,0.0,0.0
500,500.0,,,,,,2024-09-26 00:00:00+05:30,479.7999877929687,480.6000061035156,475.0,477.2000122070313,68175,0.0,0.0
501,501.0,,,,,,2024-09-27 00:00:00+05:30,478.0,479.7000122070313,446.0,450.8999938964844,675601,0.0,0.0
502,,,,,,,2024-09-26 00:00:00+05:30,479.79998779296875,480.6000061035156,475.0,477.20001220703125,68175,0.0,0.0
503,,,,,,,2024-09-27 00:00:00+05:30,478.0,479.70001220703125,446.0,450.8999938964844,675601,0.0,0.0
